x,y,diameter,occupancy
352.0,438.0,31.75,1
386.0,418.0,31.73,1
210.0,421.0,29.26,1
390.0,441.0,41.16,1
378.0,321.0,46.78,1
260.0,330.0,35.78,1
102.0,352.0,55.32,1
310.0,368.0,47.96,1
171.0,328.0,56.67,1
249.0,432.0,39.64,1
59.0,451.0,38.95,1
225.0,414.0,38.86,1
283.0,440.0,38.68,1
412.0,177.0,34.02,1
436.0,299.0,36.72,1
372.0,141.0,33.2,1
464.0,16.0,35.42,1
440.0,186.0,39.23,1
409.0,24.0,39.86,1
376.0,158.0,36.38,1
354.0,232.0,32.94,1
447.0,211.0,37.31,1
454.0,177.0,30.01,1
409.0,113.0,28.56,1
353.0,136.0,33.93,1
497.0,177.0,31.78,1
440.0,44.0,33.59,1
392.0,20.0,30.88,1
467.0,61.0,46.6,1
447.0,279.0,55.15,1
449.0,123.0,46.68,1
374.0,177.0,43.72,1
491.0,104.0,41.62,1
362.0,197.0,45.49,1
396.0,165.0,43.58,1
403.0,263.0,41.87,1
409.0,97.0,37.12,1
430.0,145.0,40.13,1
483.0,240.0,53.24,1
411.0,140.0,40.86,1
466.0,206.0,44.56,1
353.0,104.0,44.64,1
41.0,233.0,38.0,1
256.0,228.0,37.62,1
13.0,126.0,33.59,1
56.0,45.0,30.33,1
67.0,76.0,30.33,1
132.0,280.0,41.72,1
296.0,40.0,41.48,1
181.0,21.0,42.18,1
307.0,108.0,44.12,1
173.0,226.0,45.12,1
255.0,72.0,63.05,1
103.0,24.0,38.52,1
279.0,244.0,37.29,1
189.0,62.0,40.69,1
116.0,363.0,20.04,1
402.0,125.0,27.31,1
444.0,154.0,26.68,1
443.0,168.0,24.57,1
495.0,162.0,28.58,1
493.0,197.0,22.76,1
123.0,481.0,31.56,1
329.0,394.0,27.44,0
468.0,333.0,26.72,0
19.0,375.0,26.56,0
479.0,462.0,28.4,0
362.0,332.0,26.68,0
432.0,412.0,24.89,0
451.0,393.0,27.95,0
31.0,354.0,25.47,0
288.0,424.0,24.27,0
414.0,321.0,26.96,0
408.0,456.0,27.57,0
335.0,379.0,28.69,0
434.0,395.0,28.4,0
420.0,354.0,26.81,0
363.0,450.0,29.74,0
77.0,324.0,26.17,0
248.0,492.0,27.5,0
453.0,349.0,24.3,0
230.0,397.0,23.85,0
418.0,394.0,23.41,0
225.0,455.0,26.22,0
502.0,472.0,28.42,0
71.0,428.0,24.96,0
263.0,443.0,23.4,0
346.0,366.0,25.47,0
116.0,376.0,25.17,0
332.0,425.0,29.46,0
449.0,377.0,23.82,0
363.0,466.0,26.79,0
454.0,363.0,25.12,0
448.0,483.0,32.19,0
346.0,396.0,25.17,0
453.0,409.0,26.1,0
444.0,424.0,31.8,0
401.0,423.0,29.55,0
318.0,411.0,35.18,0
474.0,433.0,36.93,0
493.0,415.0,47.07,0
399.0,379.0,38.06,0
365.0,399.0,33.21,0
471.0,381.0,52.73,0
356.0,381.0,33.01,0
431.0,376.0,34.63,0
313.0,314.0,58.8,0
438.0,357.0,33.01,0
344.0,469.0,37.78,0
408.0,338.0,32.81,0
438.0,335.0,45.5,0
353.0,490.0,37.79,0
370.0,430.0,43.75,0
315.0,440.0,38.0,0
481.0,343.0,27.59,0
429.0,316.0,26.27,0
457.0,451.0,32.99,0
334.0,497.0,30.33,0
499.0,446.0,32.09,0
372.0,368.0,35.58,0
410.0,439.0,28.94,0
337.0,409.0,27.53,0
189.0,372.0,23.75,0
416.0,414.0,26.88,0
425.0,464.0,35.48,0
487.0,360.0,31.29,0
464.0,474.0,34.52,0
373.0,347.0,37.43,0
348.0,348.0,33.68,0
403.0,356.0,30.37,0
380.0,458.0,32.48,0
470.0,410.0,33.03,0
214.0,340.0,34.79,0
182.0,440.0,38.25,0
279.0,356.0,31.63,0
148.0,382.0,35.52,0
126.0,462.0,32.76,0
254.0,365.0,35.18,0
139.0,411.0,39.77,0
248.0,401.0,39.67,0
137.0,345.0,31.15,0
45.0,470.0,46.4,0
234.0,340.0,31.37,0
145.0,361.0,32.99,0
286.0,383.0,30.35,0
194.0,314.0,44.15,0
46.0,353.0,28.98,0
117.0,410.0,35.75,0
274.0,406.0,33.03,0
304.0,423.0,29.6,0
369.0,497.0,24.66,0
37.0,84.0,51.24,0
502.0,329.0,24.57,0
448.0,467.0,24.46,0
370.0,483.0,24.49,0
266.0,480.0,45.93,0
293.0,337.0,50.67,0
305.0,392.0,40.72,0
119.0,328.0,52.96,0
312.0,481.0,38.01,0
116.0,443.0,37.27,0
83.0,342.0,29.09,0
220.0,380.0,30.15,0
194.0,488.0,38.25,0
262.0,382.0,27.23,0
227.0,360.0,30.37,0
81.0,390.0,32.73,0
299.0,497.0,31.73,0
90.0,474.0,30.41,0
98.0,441.0,26.72,0
156.0,422.0,29.83,0
59.0,370.0,44.62,0
204.0,457.0,36.38,0
15.0,324.0,39.47,0
167.0,460.0,26.86,0
242.0,476.0,30.04,0
213.0,493.0,30.51,0
280.0,457.0,26.44,0
146.0,442.0,31.29,0
87.0,408.0,33.28,0
132.0,430.0,29.26,0
95.0,323.0,35.42,0
141.0,490.0,26.44,0
101.0,422.0,30.77,0
292.0,409.0,28.05,0
146.0,461.0,31.02,0
198.0,354.0,34.03,0
81.0,443.0,30.99,0
69.0,469.0,37.87,0
202.0,384.0,30.15,0
163.0,445.0,27.01,0
223.0,325.0,26.15,0
169.0,388.0,35.88,0
126.0,498.0,32.05,0
378.0,44.0,28.51,0
491.0,310.0,33.98,0
328.0,184.0,28.31,0
474.0,135.0,29.13,0
323.0,19.0,25.3,0
459.0,43.0,25.93,0
355.0,268.0,25.77,0
356.0,216.0,30.85,0
391.0,187.0,28.54,0
337.0,49.0,27.05,0
399.0,67.0,24.55,0
361.0,153.0,25.17,0
364.0,33.0,27.95,0
429.0,173.0,27.41,0
348.0,249.0,33.91,0
404.0,284.0,34.02,0
335.0,268.0,36.77,0
446.0,256.0,31.56,0
431.0,58.0,30.99,0
459.0,80.0,28.92,0
320.0,251.0,30.05,0
393.0,104.0,26.72,0
338.0,28.0,31.02,0
456.0,162.0,26.31,0
500.0,255.0,32.55,0
403.0,52.0,26.52,0
408.0,221.0,28.92,0
336.0,10.0,23.65,0
370.0,234.0,24.3,0
258.0,268.0,56.67,0
379.0,28.0,24.27,0
486.0,138.0,35.49,0
331.0,200.0,25.13,0
436.0,244.0,24.39,0
414.0,59.0,40.02,0
474.0,44.0,23.75,0
497.0,125.0,26.46,0
334.0,134.0,24.55,0
449.0,199.0,32.68,0
463.0,111.0,31.29,0
317.0,194.0,30.33,0
481.0,125.0,36.44,0
319.0,214.0,36.02,0
324.0,59.0,25.21,0
447.0,228.0,25.09,0
457.0,242.0,25.17,0
389.0,275.0,25.21,0
431.0,229.0,26.72,0
345.0,122.0,27.95,0
485.0,74.0,29.87,0
485.0,208.0,26.28,0
473.0,309.0,26.75,0
475.0,222.0,24.59,0
423.0,216.0,24.66,0
388.0,57.0,25.54,0
362.0,164.0,42.49,0
451.0,99.0,39.34,0
473.0,183.0,45.81,0
358.0,55.0,48.23,0
341.0,152.0,46.26,0
391.0,145.0,36.55,0
375.0,96.0,42.78,0
417.0,76.0,46.9,0
325.0,89.0,49.54,0
381.0,122.0,48.9,0
425.0,122.0,40.85,0
498.0,144.0,40.46,0
468.0,262.0,46.47,0
387.0,298.0,43.97,0
428.0,99.0,37.96,0
336.0,449.0,38.25,0
456.0,318.0,38.55,0
322.0,343.0,53.17,0
309.0,457.0,26.24,0
418.0,232.0,45.93,0
433.0,260.0,43.5,0
466.0,281.0,45.07,0
419.0,43.0,34.8,0
182.0,350.0,23.81,0
475.0,92.0,34.01,0
429.0,25.0,32.61,0
352.0,176.0,41.23,0
339.0,69.0,32.65,0
415.0,302.0,37.34,0
356.0,81.0,36.92,0
400.0,239.0,34.7,0
382.0,252.0,41.71,0
457.0,144.0,31.53,0
395.0,37.0,30.85,0
398.0,205.0,36.75,0
326.0,119.0,31.98,0
440.0,78.0,32.54,0
460.0,298.0,31.67,0
478.0,289.0,37.81,0
377.0,72.0,38.05,0
423.0,273.0,39.14,0
362.0,290.0,42.18,0
332.0,233.0,45.3,0
449.0,27.0,35.53,0
420.0,197.0,42.32,0
476.0,156.0,45.92,0
394.0,84.0,33.73,0
188.0,163.0,54.3,0
416.0,159.0,33.66,0
383.0,221.0,39.59,0
499.0,86.0,31.92,0
499.0,219.0,35.84,0
419.0,249.0,35.49,0
320.0,42.0,33.85,0
7.0,16.0,26.13,0
120.0,13.0,31.26,0
290.0,99.0,26.68,0
80.0,138.0,29.55,0
85.0,203.0,33.6,0
271.0,280.0,31.83,0
107.0,43.0,27.2,0
13.0,240.0,33.1,0
24.0,10.0,29.83,0
152.0,229.0,30.64,0
295.0,127.0,30.62,0
248.0,274.0,30.6,0
105.0,231.0,31.57,0
35.0,26.0,28.07,0
288.0,186.0,28.69,0
158.0,283.0,29.25,0
255.0,112.0,26.52,0
44.0,9.0,25.6,0
39.0,286.0,52.43,0
131.0,165.0,29.26,0
262.0,25.0,27.11,0
58.0,61.0,27.95,0
28.0,150.0,31.75,0
158.0,264.0,34.7,0
30.0,252.0,35.65,0
71.0,36.0,29.61,0
271.0,261.0,31.02,0
180.0,279.0,32.28,0
236.0,206.0,83.23,0
48.0,131.0,31.2,0
39.0,43.0,29.56,0
84.0,24.0,28.56,0
218.0,271.0,32.94,0
206.0,100.0,30.77,0
63.0,122.0,26.72,0
149.0,150.0,29.74,0
271.0,182.0,32.15,0
81.0,90.0,24.84,0
31.0,132.0,25.77,0
147.0,47.0,27.11,0
250.0,127.0,23.4,0
214.0,293.0,35.64,0
144.0,244.0,23.75,0
315.0,271.0,28.09,0
188.0,185.0,23.29,0
209.0,122.0,27.23,0
303.0,87.0,26.96,0
311.0,151.0,23.95,0
26.0,224.0,25.77,0
154.0,129.0,25.43,0
315.0,288.0,27.3,0
119.0,220.0,26.88,0
162.0,300.0,32.03,0
199.0,202.0,24.49,0
90.0,121.0,27.23,0
36.0,73.0,23.65,0
42.0,59.0,24.76,0
275.0,62.0,25.6,0
63.0,203.0,27.5,0
31.0,187.0,26.72,0
105.0,7.0,25.08,0
256.0,290.0,27.41,0
138.0,114.0,26.68,0
205.0,185.0,28.12,0
135.0,201.0,29.45,0
151.0,183.0,29.08,0
117.0,179.0,25.89,0
249.0,35.0,26.55,0
118.0,152.0,28.14,0
16.0,266.0,28.34,0
27.0,56.0,25.17,0
113.0,248.0,30.26,0
276.0,201.0,35.84,0
185.0,42.0,31.29,0
205.0,47.0,36.67,0
178.0,202.0,36.59,0
275.0,223.0,32.94,0
211.0,10.0,31.09,0
132.0,258.0,40.55,0
291.0,148.0,36.55,0
277.0,87.0,35.36,0
112.0,122.0,40.85,0
214.0,240.0,39.56,0
73.0,186.0,35.84,0
276.0,130.0,33.94,0
34.0,169.0,33.61,0
225.0,136.0,31.92,0
172.0,181.0,31.45,0
129.0,50.0,31.29,0
11.0,208.0,37.64,0
125.0,69.0,31.63,0
98.0,59.0,31.92,0
40.0,98.0,38.85,0
162.0,65.0,57.21,0
147.0,18.0,44.16,0
228.0,64.0,43.95,0
305.0,172.0,45.44,0
292.0,71.0,40.05,0
164.0,37.0,41.47,0
117.0,94.0,38.66,0
16.0,79.0,46.82,0
140.0,85.0,39.39,0
264.0,46.0,38.58,0
62.0,146.0,36.77,0
95.0,102.0,38.71,0
60.0,20.0,37.66,0
274.0,109.0,36.1,0
313.0,134.0,34.3,0
157.0,108.0,43.27,0
245.0,51.0,28.94,0
167.0,142.0,36.1,0
187.0,139.0,32.31,0
100.0,81.0,29.97,0
136.0,132.0,36.12,0
89.0,41.0,31.14,0
84.0,72.0,29.87,0
183.0,245.0,35.92,0
239.0,19.0,33.05,0
163.0,245.0,30.33,0
216.0,157.0,46.42,0
256.0,247.0,33.61,0
101.0,187.0,33.22,0
309.0,27.0,27.09,0
28.0,115.0,30.76,0
192.0,264.0,33.74,0
88.0,158.0,32.19,0
200.0,27.0,31.06,0
240.0,104.0,28.58,0
279.0,32.0,30.33,0
224.0,112.0,31.09,0
308.0,231.0,35.75,0
163.0,163.0,33.41,0
169.0,89.0,32.41,0
121.0,32.0,31.75,0
224.0,92.0,34.91,0
237.0,296.0,42.64,0
293.0,20.0,30.51,0
15.0,254.0,27.16,0
245.0,144.0,35.17,0
48.0,214.0,34.02,0
260.0,96.0,29.13,0
231.0,38.0,32.94,0
179.0,111.0,30.15,0
75.0,108.0,32.14,0
133.0,183.0,29.55,0
307.0,56.0,30.77,0
301.0,250.0,32.94,0
61.0,256.0,30.05,0
352.0,454.0,40.24,0
424.0,288.0,48.64,0
267.0,145.0,23.75,0
89.0,236.0,24.3,0
255.0,314.0,24.77,0
200.0,283.0,23.8,0
297.0,267.0,24.59,0
172.0,126.0,51.45,0
97.0,249.0,24.0,0
278.0,304.0,26.44,0
324.0,106.0,30.76,0
203.0,72.0,24.76,0
286.0,290.0,27.76,0
66.0,133.0,34.92,0
485.0,331.0,40.48,0
176.0,51.0,31.89,0
317.0,498.0,46.28,0
75.0,169.0,41.34,0
131.0,21.0,40.45,0
139.0,58.0,33.91,0
180.0,76.0,32.75,0
122.0,140.0,36.44,0
218.0,26.0,25.82,0
131.0,100.0,31.53,0
40.0,120.0,35.96,0
301.0,7.0,25.25,0
214.0,222.0,25.6,0
297.0,299.0,24.0,0
442.0,407.0,32.94,0
260.0,136.0,49.52,0
52.0,167.0,26.03,0
184.0,296.0,26.07,0
254.0,12.0,24.3,0
126.0,235.0,26.17,0
12.0,56.0,24.45,0
188.0,216.0,23.57,0
136.0,218.0,27.17,0
292.0,222.0,24.05,0
118.0,197.0,26.72,0
88.0,175.0,24.41,0
137.0,35.0,23.53,0
56.0,87.0,25.74,0
301.0,281.0,24.49,0
460.0,494.0,25.35,0
60.0,232.0,31.16,0
46.0,195.0,26.44,0
18.0,293.0,28.69,0
17.0,29.0,24.59,0
258.0,156.0,26.68,0
412.0,490.0,25.69,0
187.0,86.0,25.28,0
157.0,199.0,23.29,0
239.0,246.0,24.66,0
208.0,138.0,24.82,0
119.0,299.0,29.61,0
496.0,342.0,23.03,0
389.0,333.0,18.63,0
324.0,263.0,13.98,0
400.0,484.0,20.91,0
433.0,435.0,21.08,0
431.0,47.0,14.27,0
471.0,111.0,15.87,0
333.0,39.0,13.75,0
397.0,221.0,26.44,0
399.0,497.0,21.78,0
412.0,210.0,22.59,0
289.0,470.0,19.01,0
365.0,317.0,14.73,0
429.0,424.0,18.28,0
269.0,419.0,15.23,0
492.0,323.0,15.38,0
381.0,405.0,21.45,0
362.0,118.0,20.64,0
388.0,389.0,16.83,0
395.0,320.0,19.91,0
434.0,476.0,19.91,0
501.0,386.0,20.39,0
375.0,472.0,17.15,0
335.0,358.0,18.22,0
472.0,449.0,16.8,0
387.0,174.0,15.14,0
467.0,123.0,21.75,0
323.0,459.0,19.65,0
300.0,468.0,22.46,0
503.0,305.0,13.42,0
483.0,259.0,15.29,0
494.0,20.0,21.73,0
488.0,89.0,26.68,0
492.0,47.0,17.8,0
480.0,271.0,15.56,0
473.0,355.0,20.55,0
483.0,447.0,21.45,0
390.0,70.0,21.86,0
419.0,428.0,19.26,0
392.0,345.0,21.96,0
410.0,122.0,11.53,0
360.0,242.0,23.75,0
486.0,170.0,18.28,0
397.0,133.0,24.44,0
481.0,16.0,19.65,0
443.0,138.0,18.32,0
406.0,39.0,27.16,0
441.0,448.0,22.67,0
418.0,368.0,20.94,0
444.0,15.0,14.73,0
351.0,413.0,21.45,0
337.0,103.0,21.01,0
451.0,67.0,20.93,0
428.0,447.0,23.13,0
237.0,92.0,19.89,0
276.0,419.0,15.02,0
368.0,110.0,23.8,0
435.0,216.0,17.15,0
436.0,133.0,15.53,0
450.0,438.0,19.98,0
379.0,268.0,17.15,0
492.0,285.0,14.73,0
474.0,22.0,17.83,0
326.0,471.0,22.63,0
433.0,69.0,21.68,0
225.0,228.0,15.87,0
486.0,221.0,26.68,0
464.0,169.0,25.35,0
106.0,169.0,15.87,0
500.0,371.0,15.02,0
489.0,187.0,17.86,0
149.0,170.0,18.69,0
423.0,404.0,15.14,0
405.0,395.0,19.96,0
200.0,86.0,21.01,0
53.0,426.0,16.3,0
105.0,202.0,18.15,0
490.0,456.0,14.88,0
10.0,42.0,21.45,0
388.0,362.0,23.29,0
436.0,201.0,19.8,0
360.0,343.0,14.06,0
460.0,423.0,22.46,0
410.0,404.0,15.02,0
44.0,182.0,17.31,0
451.0,53.0,20.86,0
453.0,15.0,16.03,0
433.0,160.0,19.33,0
195.0,328.0,16.3,0
396.0,253.0,13.6,0
357.0,125.0,18.63,0
333.0,215.0,18.47,0
390.0,284.0,14.73,0
358.0,502.0,18.89,0
323.0,29.0,26.68,0
244.0,117.0,16.87,0
75.0,406.0,15.87,0
487.0,437.0,15.02,0
426.0,343.0,14.73,0
156.0,86.0,17.96,0
419.0,452.0,13.98,0
363.0,414.0,20.04,0
467.0,460.0,16.8,0
488.0,279.0,15.77,0
381.0,381.0,19.65,0
324.0,488.0,16.34,0
203.0,369.0,15.02,0
475.0,322.0,16.59,0
453.0,430.0,13.36,0
439.0,459.0,17.31,0
301.0,451.0,13.48,0
417.0,477.0,19.81,0
494.0,463.0,15.38,0
289.0,396.0,15.39,0
268.0,359.0,14.73,0
495.0,278.0,14.27,0
360.0,358.0,19.15,0
498.0,432.0,17.92,0
397.0,452.0,14.73,0
483.0,321.0,15.02,0
487.0,394.0,19.26,0
248.0,336.0,19.76,0
427.0,364.0,19.65,0
280.0,394.0,15.87,0
385.0,478.0,27.8,0
398.0,330.0,15.87,0
369.0,245.0,15.02,0
396.0,474.0,13.18,0
299.0,352.0,14.27,0
384.0,430.0,14.21,0
399.0,410.0,16.83,0
443.0,368.0,20.62,0
332.0,462.0,18.81,0
484.0,474.0,15.32,0
321.0,382.0,23.34,0
497.0,39.0,15.02,0
442.0,386.0,17.87,0
443.0,310.0,15.47,0
376.0,445.0,26.1,0
276.0,73.0,25.13,0
291.0,5.0,19.65,0
84.0,56.0,19.81,0
62.0,110.0,22.54,0
265.0,300.0,19.6,0
148.0,120.0,16.36,0
226.0,79.0,15.87,0
98.0,143.0,15.39,0
127.0,121.0,17.86,0
125.0,82.0,22.54,0
59.0,34.0,18.75,0
111.0,70.0,14.88,0
310.0,122.0,30.41,0
217.0,256.0,20.39,0
311.0,260.0,15.87,0
290.0,206.0,15.27,0
252.0,23.0,20.52,0
124.0,208.0,15.87,0
112.0,209.0,18.05,0
5.0,134.0,16.28,0
283.0,44.0,16.29,0
122.0,131.0,15.02,0
49.0,154.0,17.92,0
292.0,113.0,15.57,0
149.0,210.0,21.45,0
241.0,5.0,15.87,0
212.0,82.0,18.75,0
234.0,165.0,19.46,0
139.0,101.0,18.19,0
46.0,22.0,23.29,0
298.0,442.0,22.95,0
264.0,347.0,21.45,0
251.0,344.0,23.08,0
274.0,338.0,22.2,0
148.0,35.0,22.2,0
166.0,21.0,18.48,0
285.0,119.0,21.64,0
48.0,176.0,19.21,0
166.0,199.0,16.03,0
210.0,209.0,26.1,0
111.0,273.0,17.92,0
114.0,23.0,15.02,0
198.0,16.0,28.34,0
147.0,200.0,15.32,0
90.0,86.0,25.43,0
306.0,68.0,14.73,0
287.0,265.0,16.27,0
296.0,197.0,15.02,0
103.0,132.0,13.51,0
52.0,185.0,15.02,0
87.0,186.0,17.68,0
74.0,156.0,18.78,0
238.0,134.0,13.99,0
226.0,123.0,15.02,0
305.0,207.0,20.52,0
296.0,55.0,21.45,0
236.0,124.0,21.45,0
245.0,90.0,21.58,0
50.0,74.0,23.29,0
311.0,13.0,21.77,0
141.0,67.0,20.84,0
59.0,179.0,19.98,0
197.0,113.0,22.22,0
163.0,211.0,21.54,0
105.0,158.0,22.85,0
236.0,81.0,21.45,0
198.0,229.0,19.98,0
202.0,216.0,21.12,0
293.0,237.0,21.82,0
244.0,259.0,22.32,0
14.0,109.0,20.39,0
124.0,110.0,20.55,0
233.0,314.0,22.85,0
199.0,249.0,19.98,0
24.0,42.0,22.07,0
114.0,57.0,23.57,0
72.0,52.0,22.81,0
108.0,140.0,21.78,0
19.0,177.0,22.18,0
189.0,122.0,23.03,0
227.0,8.0,21.45,0
50.0,114.0,22.87,0
22.0,98.0,22.63,0
6.0,95.0,21.77,0
116.0,166.0,20.45,0
14.0,154.0,15.02,0
37.0,207.0,15.02,0
68.0,94.0,18.05,0
114.0,78.0,18.1,0
212.0,198.0,22.2,0
199.0,130.0,18.78,0
291.0,87.0,25.24,0
239.0,232.0,18.63,0
265.0,121.0,17.31,0
33.0,302.0,16.8,0
141.0,173.0,15.02,0
199.0,148.0,20.52,0
162.0,403.0,21.45,0
305.0,190.0,18.78,0
230.0,256.0,21.25,0
211.0,62.0,18.41,0
135.0,292.0,16.3,0
17.0,140.0,19.71,0
28.0,205.0,21.12,0
95.0,134.0,20.35,0
290.0,164.0,18.63,0
77.0,124.0,19.21,0
57.0,101.0,19.71,0
65.0,162.0,19.98,0
146.0,274.0,20.17,0
133.0,150.0,22.44,0
49.0,32.0,19.84,0
287.0,54.0,22.77,0
363.0,253.0,19.71,0
368.0,264.0,21.12,0
456.0,192.0,23.05,0
459.0,221.0,21.09,0
501.0,70.0,22.44,0
348.0,39.0,20.35,0
346.0,281.0,22.76,0
335.0,170.0,22.44,0
356.0,313.0,23.08,0
274.0,312.0,14.78,0
245.0,375.0,16.8,0
235.0,267.0,20.91,0
227.0,495.0,13.34,0
110.0,432.0,14.27,0
191.0,467.0,20.91,0
275.0,290.0,14.78,0
208.0,480.0,21.75,0
161.0,378.0,15.02,0
230.0,237.0,24.0,0
122.0,424.0,15.02,0
404.0,190.0,19.76,0
499.0,205.0,16.03,0
448.0,303.0,15.02,0
472.0,76.0,18.63,0
341.0,81.0,21.09,0
419.0,109.0,14.37,0
440.0,91.0,14.37,0
483.0,30.0,35.02,0
195.0,94.0,14.78,0
432.0,10.0,19.26,0
193.0,101.0,14.17,0
419.0,17.0,13.48,0
404.0,152.0,26.35,0
338.0,111.0,22.22,0
268.0,157.0,15.87,0
376.0,56.0,15.57,0
316.0,467.0,16.8,0
347.0,14.0,18.28,0
461.0,131.0,16.47,0
484.0,195.0,14.37,0
336.0,316.0,16.34,0
336.0,287.0,19.4,0
365.0,130.0,18.63,0
348.0,301.0,22.98,0
490.0,268.0,22.95,0
368.0,307.0,20.64,0
343.0,91.0,19.26,0
323.0,156.0,19.67,0
352.0,25.0,20.83,0
322.0,168.0,18.85,0
186.0,338.0,17.71,0
133.0,366.0,16.34,0
16.0,468.0,21.94,0
156.0,485.0,16.36,0
305.0,410.0,15.77,0
261.0,496.0,16.36,0
280.0,370.0,19.65,0
215.0,363.0,15.87,0
285.0,489.0,21.12,0
133.0,377.0,21.45,0
188.0,456.0,19.65,0
144.0,475.0,20.93,0
173.0,427.0,15.87,0
197.0,411.0,20.64,0
27.0,473.0,21.45,0
272.0,445.0,13.6,0
45.0,445.0,19.91,0
172.0,474.0,22.44,0
263.0,464.0,15.23,0
245.0,327.0,22.54,0
227.0,246.0,16.59,0
269.0,368.0,19.21,0
237.0,441.0,19.71,0
36.0,455.0,21.45,0
159.0,473.0,19.91,0
295.0,481.0,22.44,0
292.0,369.0,21.45,0
221.0,431.0,22.87,0
239.0,456.0,23.05,0
135.0,392.0,22.66,0
294.0,457.0,22.13,0
112.0,391.0,15.23,0
47.0,394.0,17.92,0
308.0,353.0,15.87,0
26.0,213.0,15.17,0
266.0,397.0,15.17,0
207.0,399.0,15.47,0
120.0,390.0,17.71,0
180.0,461.0,15.87,0
87.0,421.0,15.56,0
31.0,337.0,19.79,0
136.0,451.0,16.8,0
134.0,473.0,15.27,0
274.0,385.0,15.87,0
441.0,110.0,16.27,0
169.0,257.0,15.02,0
271.0,452.0,15.02,0
287.0,256.0,19.65,0
247.0,238.0,16.6,0
100.0,451.0,15.57,0
46.0,416.0,17.31,0
217.0,400.0,15.02,0
133.0,481.0,15.87,0
129.0,401.0,15.99,0
59.0,431.0,17.15,0
9.0,337.0,15.02,0
91.0,429.0,15.38,0
210.0,432.0,16.34,0
149.0,301.0,18.89,0
164.0,367.0,16.8,0
