BF_Mask_ID,BF_Center_X_px,BF_Center_Y_px,BF_Diameter_μm,BF_Mean_Intensity,BF_Area_μm²,BF_Circularity,F_Mask_ID,F_Center_X_px,F_Center_Y_px,F_Diameter_μm,F_Mean_Intensity,F_Area_μm²,F_Circularity
0,395.00,670.00,61.87,171.88,2871.97,0.893,11,395.00,668.00,63.09,50.91,2954.33,0.892
1,519.00,431.00,44.49,187.55,1456.75,0.889,50,519.00,430.00,46.18,39.94,1541.87,0.879
2,475.00,686.00,46.75,180.56,1629.07,0.888,0,475.00,684.00,48.79,44.53,1748.10,0.892
3,752.00,821.00,48.98,176.40,1760.55,0.892,140,752.00,818.00,51.52,45.81,1892.73,0.886
3,752.00,821.00,48.98,176.40,1760.55,0.892,153,752.00,818.00,51.66,45.07,1929.41,0.885
3,752.00,821.00,48.98,176.40,1760.55,0.892,203,752.00,818.00,51.66,46.89,1933.56,0.887
6,519.00,709.00,46.96,181.35,1618.69,0.886,20,520.00,707.00,48.76,45.08,1741.87,0.886
7,910.00,692.00,43.43,183.35,1389.62,0.897,132,911.00,690.00,46.11,41.90,1556.40,0.879
8,663.00,659.00,48.35,181.14,1728.72,0.887,27,665.00,657.00,50.72,47.06,1867.82,0.889
9,522.00,662.00,59.68,172.25,2664.36,0.890,67,522.00,659.00,60.56,53.64,2729.41,0.878
11,516.00,833.00,48.55,178.13,1738.41,0.892,16,516.00,831.00,51.11,45.50,1892.73,0.886
12,407.00,810.00,45.90,178.37,1552.94,0.897,98,408.00,808.00,47.95,41.94,1686.51,0.911
13,858.00,641.00,44.25,185.26,1451.90,0.882,30,859.00,640.00,47.24,43.60,1643.60,0.899
14,402.00,551.00,45.75,186.29,1549.48,0.891,54,403.00,549.00,48.30,41.52,1689.97,0.882
15,709.00,817.00,49.13,177.84,1797.92,0.895,32,709.00,815.00,51.56,46.79,1916.26,0.882
16,665.00,545.00,44.37,186.82,1432.53,0.871,45,665.00,542.00,46.51,43.37,1561.25,0.873
19,470.00,534.00,40.65,191.39,1208.30,0.892,33,471.00,532.00,42.43,40.75,1292.04,0.898
20,561.00,685.00,45.59,184.68,1539.10,0.906,53,561.00,683.00,48.29,44.70,1703.11,0.892
22,585.00,469.00,43.52,189.14,1396.54,0.902,99,586.00,468.00,46.00,43.34,1495.50,0.883
23,899.00,383.00,45.50,183.60,1532.18,0.885,91,901.00,381.00,48.38,43.14,1699.65,0.872
24,766.00,899.00,46.85,179.26,1618.69,0.902,49,766.00,898.00,49.24,46.14,1769.55,0.900
24,766.00,899.00,46.85,179.26,1618.69,0.902,241,766.00,897.00,50.07,46.25,1825.61,0.882
26,692.00,579.00,44.16,186.58,1426.99,0.879,104,692.00,577.00,46.55,43.97,1553.63,0.889
29,715.00,614.00,49.23,181.10,1795.85,0.875,44,716.00,612.00,51.00,47.28,1925.95,0.886
30,471.00,645.00,46.49,182.13,1579.24,0.900,133,471.00,643.00,47.74,45.39,1654.67,0.878
30,471.00,645.00,46.49,182.13,1579.24,0.900,634,471.00,644.00,48.13,46.32,1695.50,0.896
31,621.00,770.00,45.95,180.63,1567.47,0.902,22,621.00,769.00,48.11,44.12,1713.49,0.879
33,508.00,468.00,42.66,190.63,1334.26,0.904,14,508.00,467.00,44.89,41.52,1424.91,0.869
37,687.00,436.00,48.11,186.00,1703.11,0.904,10,688.00,435.00,50.05,45.05,1831.83,0.893
38,938.00,534.00,44.41,183.65,1433.91,0.896,25,939.00,533.00,46.70,42.51,1577.16,0.890
39,845.00,602.00,47.03,182.24,1620.07,0.886,134,846.00,600.00,49.41,44.94,1773.70,0.891
39,845.00,602.00,47.03,182.24,1620.07,0.886,517,846.00,601.00,50.52,44.82,1826.99,0.888
40,603.00,668.00,43.06,187.52,1370.24,0.885,61,604.00,666.00,45.44,44.10,1487.20,0.895
41,665.00,470.00,43.41,189.76,1382.70,0.893,17,665.00,469.00,45.63,42.91,1514.88,0.883
42,705.00,655.00,45.95,181.29,1546.02,0.893,48,706.00,653.00,47.87,44.69,1649.13,0.886
43,563.00,426.00,53.27,180.29,2093.43,0.900,29,563.00,424.00,55.22,46.20,2242.91,0.894
43,563.00,426.00,53.27,180.29,2093.43,0.900,334,563.00,425.00,55.38,44.92,2246.37,0.888
47,785.00,852.00,53.11,174.13,2094.12,0.898,62,785.00,850.00,55.26,49.91,2251.21,0.901
48,671.00,836.00,48.20,178.51,1719.72,0.890,31,671.00,834.00,50.17,46.09,1809.00,0.885
51,900.00,810.00,44.35,181.64,1425.61,0.878,109,900.00,808.00,46.08,43.28,1548.10,0.902
53,400.00,448.00,45.25,184.02,1516.26,0.896,65,400.00,447.00,47.59,38.32,1617.99,0.882
54,708.00,399.00,48.45,184.54,1742.56,0.894,41,708.00,397.00,50.59,45.40,1854.67,0.896
56,605.00,435.00,44.37,187.79,1447.06,0.883,38,605.00,434.00,46.37,42.50,1548.79,0.866
57,422.00,631.00,47.79,181.63,1668.51,0.901,139,423.00,629.00,48.96,45.74,1728.72,0.876
59,480.00,899.00,46.29,179.06,1582.01,0.901,86,480.00,897.00,48.50,44.20,1669.90,0.875
62,936.00,462.00,44.93,184.62,1498.96,0.894,120,936.00,460.00,47.56,43.50,1653.29,0.893
62,936.00,462.00,44.93,184.62,1498.96,0.894,244,935.00,460.00,49.20,44.79,1720.42,0.887
64,780.00,467.00,46.33,185.92,1581.31,0.893,95,781.00,465.00,48.86,44.94,1716.96,0.888
65,787.00,711.00,45.86,182.92,1559.86,0.889,18,787.00,710.00,48.22,45.25,1707.27,0.894
65,787.00,711.00,45.86,182.92,1559.86,0.889,246,787.00,709.00,49.95,45.02,1769.55,0.878
66,948.00,739.00,46.69,176.75,1611.76,0.898,8,948.00,738.00,49.16,43.50,1793.77,0.893
66,948.00,739.00,46.69,176.75,1611.76,0.898,222,948.00,738.00,49.88,45.83,1840.83,0.879
69,561.00,575.00,48.42,183.62,1745.33,0.895,89,562.00,573.00,51.21,47.48,1894.81,0.879
69,561.00,575.00,48.42,183.62,1745.33,0.895,374,561.00,573.00,51.37,47.43,1921.80,0.884
71,626.00,626.00,68.55,169.86,3543.25,0.897,56,627.00,624.00,69.05,61.14,3528.03,0.875
71,626.00,626.00,68.55,169.86,3543.25,0.897,647,627.00,624.00,69.59,60.23,3578.55,0.874
72,384.00,514.00,45.46,185.42,1525.26,0.897,42,385.00,512.00,46.97,41.00,1602.08,0.893
73,543.00,619.00,45.46,183.60,1539.10,0.906,55,544.00,617.00,47.88,45.39,1639.45,0.886
74,636.00,689.00,42.31,187.26,1318.34,0.903,78,636.00,687.00,44.80,42.93,1444.98,0.890
75,936.00,614.00,56.96,171.23,2395.85,0.890,19,936.00,613.00,58.78,50.21,2565.40,0.890
75,936.00,614.00,56.96,171.23,2395.85,0.890,528,936.00,614.00,56.53,46.35,2265.05,0.853
75,936.00,614.00,56.96,171.23,2395.85,0.890,623,936.00,612.00,60.73,46.71,2684.43,0.887
76,818.00,448.00,48.49,181.25,1752.25,0.899,3,819.00,446.00,50.59,45.69,1868.51,0.892
76,818.00,448.00,48.49,181.25,1752.25,0.899,247,819.00,446.00,50.97,45.76,1914.19,0.888
78,920.00,499.00,42.94,186.96,1364.71,0.899,72,920.00,497.00,45.48,42.59,1497.58,0.888
79,895.00,464.00,44.88,186.53,1494.12,0.899,111,894.00,463.00,47.76,44.44,1660.21,0.886
79,895.00,464.00,44.88,186.53,1494.12,0.899,204,895.00,463.00,48.51,44.89,1716.26,0.880
80,771.00,564.00,44.80,186.50,1483.74,0.902,26,771.00,562.00,47.59,44.56,1638.75,0.893
80,771.00,564.00,44.80,186.50,1483.74,0.902,200,771.00,562.00,48.33,45.02,1685.81,0.875
82,603.00,505.00,44.07,188.41,1420.07,0.904,83,604.00,503.00,45.87,44.24,1505.19,0.901
83,651.00,583.00,48.48,183.67,1728.03,0.894,34,652.00,581.00,50.23,47.54,1822.84,0.892
84,851.00,476.00,43.25,188.22,1378.55,0.878,46,851.00,475.00,46.43,42.39,1568.86,0.891
84,851.00,476.00,43.25,188.22,1378.55,0.878,633,851.00,474.00,46.86,44.62,1628.37,0.896
85,635.00,895.00,43.44,183.28,1389.62,0.897,122,635.00,893.00,45.81,42.51,1516.96,0.888
87,781.00,427.00,44.03,186.89,1445.67,0.887,146,783.00,425.00,46.02,42.67,1525.26,0.897
88,457.00,606.00,48.24,180.59,1725.95,0.885,51,458.00,604.00,50.39,43.86,1858.82,0.888
88,457.00,606.00,48.24,180.59,1725.95,0.885,642,458.00,604.00,51.45,45.00,1898.27,0.884
89,750.00,693.00,46.31,181.88,1561.94,0.905,37,750.00,691.00,47.98,45.38,1633.22,0.886
91,808.00,893.00,48.90,177.07,1754.33,0.892,75,808.00,890.00,51.59,45.90,1942.56,0.894
92,563.00,502.00,45.89,186.70,1538.41,0.909,82,564.00,501.00,47.43,44.01,1647.06,0.898
93,634.00,855.00,44.13,183.46,1440.14,0.908,142,635.00,853.00,46.89,43.01,1613.15,0.871
96,924.00,571.00,43.89,185.73,1417.99,0.894,108,924.00,570.00,46.21,42.34,1543.94,0.888
97,672.00,701.00,44.12,182.47,1433.91,0.883,87,673.00,699.00,46.23,43.72,1561.94,0.893
99,889.00,854.00,43.45,181.29,1399.31,0.904,102,889.00,853.00,46.96,42.14,1575.09,0.898
101,519.00,583.00,46.39,184.25,1593.77,0.900,85,520.00,581.00,48.81,45.74,1727.34,0.886
102,585.00,541.00,46.05,185.85,1575.09,0.898,2,586.00,539.00,48.75,45.47,1703.11,0.877
105,414.00,724.00,43.93,183.33,1422.15,0.897,15,414.00,722.00,46.25,41.94,1557.09,0.887
105,414.00,724.00,43.93,183.33,1422.15,0.897,649,414.00,722.00,47.27,42.80,1609.00,0.892
106,788.00,978.00,44.65,178.33,1462.28,0.892,59,788.00,976.00,47.56,41.48,1666.44,0.897
109,489.00,404.00,44.37,186.85,1442.91,0.892,7,489.00,403.00,46.55,37.77,1568.86,0.886
110,515.00,750.00,46.63,181.71,1610.38,0.897,9,515.00,748.00,48.92,44.46,1759.86,0.884
111,859.00,396.00,44.97,186.64,1496.19,0.880,21,860.00,394.00,47.54,42.70,1630.45,0.884
112,444.00,919.00,45.41,180.63,1522.49,0.891,143,444.00,917.00,47.64,43.45,1631.14,0.881
112,444.00,919.00,45.41,180.63,1522.49,0.891,648,445.00,917.00,48.74,45.15,1709.34,0.888
114,549.00,771.00,43.39,184.83,1409.00,0.880,43,550.00,769.00,46.89,42.41,1571.63,0.887
115,784.00,671.00,45.27,184.22,1508.65,0.883,117,785.00,669.00,47.08,44.99,1644.29,0.892
117,438.00,417.00,72.52,167.20,3929.41,0.893,13,439.00,416.00,72.33,52.34,3906.57,0.890
117,438.00,417.00,72.52,167.20,3929.41,0.893,643,439.00,416.00,72.51,51.11,3941.18,0.891
120,646.00,436.00,44.46,187.06,1469.20,0.896,64,645.00,435.00,46.45,43.08,1558.48,0.877
122,547.00,466.00,43.92,189.47,1412.46,0.903,84,547.00,465.00,45.78,42.34,1508.65,0.883
122,547.00,466.00,43.92,189.47,1412.46,0.903,639,547.00,465.00,46.37,43.36,1550.87,0.899
123,551.00,852.00,40.96,185.83,1222.84,0.880,79,551.00,850.00,42.90,40.84,1332.87,0.878
126,478.00,495.00,48.48,182.54,1737.72,0.888,81,478.00,494.00,50.08,41.99,1844.29,0.888
126,478.00,495.00,48.48,182.54,1737.72,0.888,240,478.00,493.00,49.42,42.04,1667.82,0.893
127,383.00,624.00,43.01,185.85,1355.71,0.910,105,383.00,622.00,45.09,40.61,1485.12,0.898
127,383.00,624.00,43.01,185.85,1355.71,0.910,207,383.00,622.00,45.61,43.89,1544.64,0.880
128,667.00,960.00,43.84,181.99,1405.54,0.899,90,667.00,957.00,46.26,41.83,1593.08,0.891
130,433.00,523.00,46.32,184.72,1597.92,0.890,76,434.00,521.00,48.30,41.31,1681.66,0.889
130,433.00,523.00,46.32,184.72,1597.92,0.890,590,434.00,522.00,48.31,40.83,1689.27,0.896
134,414.00,488.00,43.87,186.94,1420.76,0.884,131,415.00,486.00,45.69,38.69,1521.11,0.883
137,523.00,881.00,45.49,179.51,1542.56,0.899,113,523.00,878.00,47.89,40.62,1664.36,0.899
137,523.00,881.00,45.49,179.51,1542.56,0.899,376,523.00,878.00,46.03,41.37,1440.14,0.851
138,832.00,980.00,44.47,175.65,1445.67,0.882,114,832.00,978.00,47.05,40.70,1617.30,0.901
139,581.00,609.00,42.69,189.30,1348.10,0.901,93,582.00,608.00,45.36,44.42,1448.44,0.884
140,830.00,775.00,43.55,183.69,1391.70,0.890,112,830.00,773.00,45.79,42.34,1543.25,0.891
142,531.00,393.00,46.34,185.81,1567.47,0.885,52,531.00,392.00,47.73,40.20,1663.67,0.879
143,482.00,940.00,46.03,178.33,1570.24,0.903,106,482.00,939.00,48.04,43.44,1671.97,0.895
145,984.00,559.00,48.98,177.75,1766.09,0.906,66,983.00,557.00,51.40,45.81,1901.73,0.897
146,979.00,606.00,43.49,182.34,1404.84,0.895,138,979.00,604.00,46.27,43.05,1496.19,0.892
147,672.00,791.00,55.84,172.96,2326.64,0.896,70,672.00,788.00,57.20,50.70,2417.30,0.891
149,478.00,857.00,47.62,178.78,1674.05,0.893,60,479.00,855.00,49.62,42.73,1815.22,0.907
150,993.00,518.00,45.44,183.90,1523.18,0.876,68,992.00,516.00,48.06,43.82,1678.20,0.879
151,792.00,759.00,48.35,178.93,1715.57,0.888,126,792.00,757.00,50.85,45.21,1899.65,0.889
152,907.00,424.00,48.22,182.32,1710.73,0.888,28,907.00,423.00,51.20,45.05,1894.81,0.879
152,907.00,424.00,48.22,182.32,1710.73,0.888,242,907.00,423.00,51.34,45.15,1920.42,0.873
153,442.00,560.00,36.83,195.13,990.31,0.908,124,442.00,558.00,38.87,37.72,1101.04,0.884
155,931.00,875.00,62.90,164.05,2938.41,0.893,97,931.00,873.00,64.30,54.67,3076.12,0.891
156,742.00,966.00,46.37,177.87,1572.32,0.896,73,742.00,964.00,48.75,43.61,1764.71,0.894
158,748.00,652.00,43.94,185.12,1433.91,0.913,74,749.00,650.00,47.02,43.78,1584.08,0.906
158,748.00,652.00,43.94,185.12,1433.91,0.913,243,749.00,651.00,48.94,44.73,1632.53,0.898
159,641.00,504.00,42.58,189.55,1314.88,0.891,1,643.00,502.00,44.96,42.47,1460.21,0.895
161,914.00,772.00,44.48,179.70,1453.98,0.887,57,914.00,770.00,46.83,43.47,1592.39,0.899
163,836.00,859.00,44.35,180.86,1448.44,0.901,249,836.00,856.00,47.25,43.87,1632.53,0.866
164,956.00,582.00,30.69,200.77,683.04,0.882,152,956.00,579.00,31.69,33.69,691.35,0.876
166,743.00,866.00,43.77,182.67,1422.84,0.889,130,743.00,863.00,46.56,43.86,1550.17,0.895
168,513.00,918.00,40.42,183.77,1205.54,0.909,107,514.00,916.00,42.63,40.59,1268.51,0.881
169,711.00,697.00,43.47,183.82,1387.54,0.905,129,711.00,695.00,45.96,43.38,1491.35,0.905
171,850.00,897.00,46.77,176.83,1611.76,0.882,94,850.00,895.00,49.50,44.01,1737.72,0.894
171,850.00,897.00,46.77,176.83,1611.76,0.882,218,850.00,895.00,49.50,45.00,1765.40,0.893
172,708.00,901.00,46.90,179.56,1627.68,0.899,6,708.00,898.00,49.64,45.19,1811.76,0.902
173,446.00,961.00,46.80,180.72,1611.76,0.893,136,446.00,958.00,49.00,45.21,1733.56,0.886
175,795.00,595.00,43.88,185.52,1411.07,0.890,127,795.00,594.00,46.21,43.78,1558.48,0.888
177,614.00,396.00,46.03,185.50,1564.01,0.891,12,615.00,395.00,48.11,41.34,1727.34,0.886
177,614.00,396.00,46.03,185.50,1564.01,0.891,383,615.00,394.00,48.12,42.11,1634.60,0.871
178,992.00,706.00,48.20,176.88,1719.03,0.893,71,992.00,704.00,50.91,46.76,1919.03,0.898
179,717.00,510.00,33.19,203.16,808.30,0.897,96,718.00,508.00,35.58,36.95,896.19,0.892
180,961.00,494.00,42.66,187.69,1339.10,0.886,110,960.00,493.00,45.72,41.69,1507.96,0.896
180,961.00,494.00,42.66,187.69,1339.10,0.886,248,960.00,493.00,46.19,42.60,1548.79,0.883
181,986.00,377.00,43.53,185.96,1393.08,0.879,404,987.00,376.00,46.30,42.76,1555.02,0.878
186,976.00,655.00,49.16,177.18,1763.32,0.893,123,976.00,653.00,51.79,45.15,1961.25,0.895
189,994.00,415.00,43.60,183.55,1405.54,0.886,5,995.00,414.00,46.78,45.36,1561.25,0.890
190,630.00,935.00,46.38,179.72,1586.85,0.896,100,631.00,933.00,48.51,44.63,1729.41,0.890
194,671.00,880.00,44.12,182.21,1434.60,0.892,47,672.00,878.00,46.47,42.68,1543.25,0.903
196,893.00,941.00,45.53,177.69,1485.12,0.898,141,894.00,939.00,48.06,42.53,1659.52,0.888
197,711.00,736.00,45.74,182.41,1525.95,0.889,39,711.00,735.00,47.64,44.08,1669.20,0.894
197,711.00,736.00,45.74,182.41,1525.95,0.889,624,711.00,734.00,48.36,44.87,1678.20,0.886
198,863.00,437.00,47.48,182.66,1683.04,0.901,36,863.00,435.00,50.47,45.47,1823.53,0.878
203,507.00,544.00,45.69,185.63,1547.40,0.882,63,508.00,542.00,47.76,45.17,1649.83,0.883
205,563.00,889.00,46.19,180.66,1581.31,0.893,119,564.00,887.00,48.55,44.38,1720.42,0.882
206,819.00,633.00,43.77,184.86,1386.16,0.899,69,819.00,632.00,45.72,42.74,1517.65,0.885
207,752.00,398.00,46.02,186.86,1550.87,0.892,77,753.00,396.00,48.15,42.80,1706.57,0.891
211,408.00,941.00,47.75,179.66,1675.43,0.905,128,409.00,939.00,49.94,44.58,1806.23,0.877
212,988.00,916.00,42.55,170.53,1321.80,0.901,147,988.00,913.00,44.49,48.85,1452.60,0.898
213,744.00,487.00,45.70,185.32,1523.18,0.876,23,746.00,486.00,47.80,44.54,1680.97,0.885
214,891.00,901.00,46.07,177.18,1554.33,0.886,115,891.00,898.00,48.29,44.27,1648.44,0.883
215,546.00,537.00,42.54,187.92,1325.95,0.886,121,546.00,536.00,43.84,42.47,1383.39,0.885
218,813.00,944.00,46.45,177.16,1562.63,0.902,125,813.00,942.00,48.06,43.41,1702.42,0.900
218,813.00,944.00,46.45,177.16,1562.63,0.902,609,814.00,942.00,49.05,43.54,1777.16,0.885
219,900.00,732.00,49.26,176.00,1782.01,0.869,40,899.00,730.00,51.24,45.76,1936.33,0.894
222,854.00,946.00,45.05,176.76,1485.81,0.907,148,854.00,944.00,47.43,42.09,1613.84,0.891
222,854.00,946.00,45.05,176.76,1485.81,0.907,238,854.00,944.00,48.13,42.94,1700.35,0.891
225,663.00,399.00,46.27,184.53,1573.70,0.897,80,663.00,398.00,47.81,43.08,1682.35,0.897
226,869.00,785.00,43.81,181.81,1387.54,0.900,144,869.00,783.00,45.67,43.04,1524.57,0.889
230,819.00,824.00,43.54,182.16,1367.47,0.871,145,819.00,821.00,45.78,42.83,1525.26,0.897
231,940.00,822.00,48.74,173.68,1668.51,0.838,88,940.00,819.00,51.11,44.26,1911.42,0.898
233,440.00,659.00,29.00,203.30,604.15,0.897,154,441.00,658.00,30.59,31.89,631.83,0.892
234,475.00,686.00,47.21,182.40,1652.60,0.901,0,475.00,684.00,48.79,44.53,1748.10,0.892
238,821.00,582.00,21.78,216.05,332.18,0.863,211,822.00,582.00,22.25,28.93,302.42,0.859
240,925.00,571.00,45.35,187.14,1500.35,0.883,108,924.00,570.00,46.21,42.34,1543.94,0.888
241,543.00,618.00,47.04,181.98,1626.99,0.890,55,544.00,617.00,47.88,45.39,1639.45,0.886
243,979.00,606.00,44.42,187.05,1447.06,0.895,138,979.00,604.00,46.27,43.05,1496.19,0.892
245,439.00,417.00,74.71,173.59,3679.58,0.758,13,439.00,416.00,72.33,52.34,3906.57,0.890
245,439.00,417.00,74.71,173.59,3679.58,0.758,643,439.00,416.00,72.51,51.11,3941.18,0.891
250,79.00,396.00,61.87,164.24,2881.66,0.896,250,80.00,394.00,62.65,52.40,2928.72,0.890
251,222.00,890.00,48.87,176.55,1749.48,0.897,261,222.00,887.00,51.05,42.19,1895.50,0.902
252,263.00,637.00,48.01,176.37,1701.04,0.895,380,264.00,635.00,50.60,39.47,1878.20,0.893
256,178.00,524.00,43.93,179.72,1429.76,0.893,323,180.00,522.00,45.85,42.76,1512.80,0.873
257,309.00,655.00,60.17,171.00,2706.57,0.894,280,310.00,653.00,61.30,48.27,2795.16,0.884
257,309.00,655.00,60.17,171.00,2706.57,0.894,610,310.00,653.00,62.75,46.43,2859.52,0.886
259,261.00,439.00,44.25,186.85,1433.91,0.901,318,262.00,438.00,45.90,42.94,1498.96,0.877
260,149.00,677.00,48.60,174.68,1757.09,0.893,253,151.00,675.00,50.79,37.77,1899.65,0.900
261,229.00,417.00,43.81,184.60,1409.69,0.877,310,230.00,416.00,45.46,45.50,1489.27,0.900
262,298.00,698.00,44.24,182.94,1431.14,0.894,292,299.00,697.00,46.54,39.73,1555.71,0.887
263,135.00,894.00,48.68,170.87,1749.48,0.897,254,136.00,892.00,51.09,38.64,1915.57,0.889
263,135.00,894.00,48.68,170.87,1749.48,0.897,373,136.00,892.00,52.73,37.59,1960.55,0.871
264,201.00,769.00,47.65,176.84,1691.35,0.906,272,202.00,768.00,50.38,40.66,1810.38,0.890
264,201.00,769.00,47.65,176.84,1691.35,0.906,627,202.00,767.00,51.01,39.94,1870.59,0.886
265,186.00,731.00,45.95,177.40,1553.63,0.889,268,187.00,729.00,47.86,37.75,1666.44,0.892
266,59.00,698.00,47.51,174.00,1672.66,0.904,286,60.00,696.00,49.16,36.35,1773.01,0.883
268,188.00,563.00,46.12,180.98,1566.09,0.896,326,189.00,561.00,47.38,38.39,1618.69,0.886
269,331.00,769.00,48.30,178.92,1737.02,0.902,274,330.00,768.00,50.60,44.58,1878.89,0.879
272,309.00,430.00,71.77,169.98,3874.05,0.899,256,310.00,428.00,71.26,51.23,3734.26,0.889
273,88.00,493.00,56.89,167.16,2432.53,0.887,283,88.00,492.00,58.16,49.59,2503.11,0.890
274,369.00,756.00,42.60,185.45,1335.64,0.905,289,369.00,755.00,45.16,40.76,1470.59,0.897
275,362.00,547.00,44.25,186.09,1444.98,0.890,257,362.00,545.00,46.26,39.40,1562.63,0.902
278,258.00,551.00,44.12,185.79,1424.22,0.890,287,260.00,549.00,46.48,37.96,1584.78,0.891
279,142.00,410.00,49.39,173.39,1823.53,0.889,375,143.00,410.00,54.33,27.63,1830.45,0.851
281,132.00,474.00,54.90,171.04,2230.45,0.899,263,133.00,472.00,56.29,51.09,2303.11,0.887
282,42.00,736.00,48.08,174.49,1680.97,0.892,267,43.00,734.00,49.73,37.01,1723.88,0.861
286,99.00,577.00,44.41,178.23,1424.22,0.907,269,101.00,576.00,45.69,36.98,1521.80,0.887
287,306.00,877.00,44.13,180.98,1426.30,0.887,304,306.00,874.00,46.16,40.70,1548.79,0.883
288,109.00,769.00,46.42,175.45,1569.55,0.883,270,110.00,767.00,48.77,37.50,1693.43,0.887
289,360.00,438.00,48.27,181.87,1737.02,0.891,316,360.00,437.00,50.26,39.41,1808.30,0.877
289,360.00,438.00,48.27,181.87,1737.02,0.891,381,360.00,436.00,48.52,38.94,1604.15,0.872
290,295.00,513.00,44.18,185.05,1451.21,0.903,252,296.00,512.00,46.14,37.82,1566.09,0.901
291,234.00,745.00,43.80,182.02,1414.53,0.901,302,235.00,743.00,46.14,39.62,1541.87,0.879
292,125.00,855.00,42.58,177.68,1337.72,0.898,255,126.00,853.00,45.09,35.23,1479.58,0.882
294,176.00,803.00,45.78,178.26,1528.03,0.911,317,177.00,801.00,47.61,37.83,1640.83,0.886
296,74.00,656.00,48.32,172.24,1722.49,0.902,282,76.00,654.00,50.22,36.56,1869.90,0.893
297,103.00,537.00,48.62,175.30,1750.87,0.898,285,104.00,535.00,50.45,45.12,1825.61,0.882
299,185.00,602.00,44.08,180.98,1401.38,0.884,258,186.00,601.00,45.62,36.45,1513.49,0.906
300,21.00,593.00,43.68,178.80,1407.61,0.896,264,23.00,591.00,45.94,33.97,1522.49,0.896
301,253.00,919.00,47.44,173.78,1691.35,0.906,290,254.00,917.00,50.34,46.36,1815.22,0.896
302,175.00,485.00,44.09,180.99,1417.30,0.885,309,176.00,483.00,46.60,43.83,1546.71,0.869
302,175.00,485.00,44.09,180.99,1417.30,0.885,369,176.00,484.00,46.94,43.67,1585.47,0.841
303,268.00,398.00,49.98,178.66,1846.37,0.908,278,269.00,396.00,51.08,46.06,1880.97,0.883
308,348.00,399.00,44.06,185.95,1431.83,0.891,284,349.00,397.00,45.61,35.94,1505.88,0.874
308,348.00,399.00,44.06,185.95,1431.83,0.891,635,349.00,398.00,46.29,38.73,1539.10,0.866
309,132.00,809.00,54.33,168.40,2213.84,0.892,281,132.00,807.00,56.80,40.62,2360.55,0.883
309,132.00,809.00,54.33,168.40,2213.84,0.892,622,133.00,807.00,58.61,39.78,2487.89,0.885
310,50.00,449.00,41.86,175.69,1289.27,0.896,330,51.00,448.00,42.61,42.44,1328.72,0.875
311,367.00,478.00,43.66,185.22,1409.69,0.889,265,368.00,476.00,45.42,37.41,1493.43,0.890
312,200.00,971.00,44.98,170.91,1478.20,0.893,327,201.00,969.00,46.88,49.17,1582.01,0.897
313,227.00,577.00,46.46,181.33,1608.30,0.888,260,228.00,575.00,48.51,39.27,1714.88,0.891
314,322.00,477.00,44.70,186.60,1445.67,0.882,295,324.00,475.00,46.32,37.04,1557.09,0.887
315,295.00,915.00,46.38,176.33,1591.70,0.890,307,296.00,914.00,48.51,44.76,1713.49,0.890
318,33.00,665.00,45.50,175.26,1532.18,0.885,301,35.00,663.00,47.50,35.04,1627.68,0.899
320,266.00,878.00,45.01,178.90,1504.50,0.885,275,266.00,876.00,47.63,40.22,1642.91,0.891
322,224.00,664.00,44.10,179.94,1438.06,0.903,322,224.00,662.00,46.30,38.14,1557.09,0.899
324,261.00,677.00,44.18,181.54,1447.75,0.892,294,262.00,675.00,46.28,38.90,1555.71,0.882
325,110.00,616.00,44.09,177.78,1438.75,0.907,262,111.00,614.00,46.09,34.37,1562.63,0.902
325,110.00,616.00,44.09,177.78,1438.75,0.907,646,111.00,614.00,47.49,35.75,1606.92,0.899
327,230.00,704.00,47.66,177.05,1682.35,0.881,296,231.00,703.00,49.63,39.85,1796.54,0.894
329,341.00,730.00,43.62,184.78,1397.23,0.894,321,342.00,728.00,45.09,42.38,1472.66,0.895
330,341.00,620.00,45.49,182.89,1532.18,0.901,266,342.00,619.00,48.08,40.62,1686.51,0.911
330,341.00,620.00,45.49,182.89,1532.18,0.901,335,342.00,619.00,48.96,41.43,1733.56,0.881
333,62.00,532.00,44.68,177.07,1478.20,0.893,319,63.00,531.00,46.47,41.47,1539.10,0.877
334,213.00,820.00,43.69,180.26,1417.30,0.890,291,214.00,818.00,46.57,38.69,1600.00,0.888
335,321.00,981.00,46.48,173.78,1580.62,0.913,308,322.00,979.00,48.86,52.30,1725.95,0.896
336,54.00,571.00,43.96,177.67,1433.22,0.904,303,56.00,570.00,45.94,36.95,1531.49,0.893
336,54.00,571.00,43.96,177.67,1433.22,0.904,591,56.00,570.00,46.61,39.69,1566.78,0.893
337,23.00,547.00,43.39,178.80,1395.16,0.906,313,24.00,545.00,45.89,38.04,1489.27,0.888
338,48.00,931.00,44.92,166.98,1483.04,0.893,324,49.00,929.00,47.53,42.18,1623.53,0.885
340,219.00,537.00,43.80,183.42,1395.16,0.889,276,220.00,535.00,45.58,41.01,1519.72,0.894
340,219.00,537.00,43.80,183.42,1395.16,0.889,613,220.00,536.00,46.80,40.85,1589.62,0.886
341,139.00,517.00,44.18,178.54,1446.37,0.903,305,141.00,515.00,46.94,43.45,1567.47,0.885
342,30.00,507.00,46.44,175.26,1582.70,0.894,314,31.00,505.00,48.29,41.01,1668.51,0.885
342,30.00,507.00,46.44,175.26,1582.70,0.894,621,31.00,506.00,50.25,39.99,1755.71,0.871
344,241.00,472.00,44.16,183.07,1430.45,0.890,259,242.00,471.00,46.11,42.30,1548.10,0.890
344,241.00,472.00,44.16,183.07,1430.45,0.890,603,242.00,471.00,47.27,42.99,1615.22,0.876
345,271.00,762.00,45.52,180.26,1519.72,0.894,298,272.00,760.00,47.09,41.48,1634.60,0.891
349,105.00,437.00,51.10,172.33,1924.57,0.901,293,106.00,436.00,52.63,49.20,2000.69,0.889
351,376.00,712.00,44.38,184.68,1450.52,0.894,300,377.00,710.00,46.69,42.60,1559.17,0.880
354,159.00,970.00,49.22,166.10,1777.85,0.877,306,159.00,967.00,51.70,48.66,1913.49,0.880
356,232.00,953.00,35.67,183.08,937.72,0.911,332,233.00,951.00,37.67,43.99,1004.15,0.885
361,203.00,929.00,48.38,172.17,1737.02,0.902,329,204.00,927.00,51.18,46.30,1908.65,0.901
361,203.00,929.00,48.38,172.17,1737.02,0.902,372,204.00,927.00,52.30,48.26,1963.32,0.862
363,303.00,738.00,43.78,183.37,1417.99,0.894,312,303.00,736.00,45.91,41.86,1503.81,0.893
364,190.00,413.00,44.50,182.04,1445.67,0.882,279,190.00,411.00,46.12,46.90,1539.79,0.893
364,190.00,413.00,44.50,182.04,1445.67,0.882,625,191.00,412.00,46.98,46.18,1599.31,0.898
365,48.00,849.00,48.32,173.05,1686.51,0.906,273,49.00,848.00,50.03,36.57,1788.24,0.901
366,85.00,950.00,48.01,166.11,1684.43,0.902,315,86.00,948.00,51.14,43.40,1874.74,0.888
373,333.00,904.00,42.89,184.26,1350.87,0.903,320,334.00,902.00,45.42,41.17,1473.36,0.875
377,282.00,996.00,49.08,169.58,1772.32,0.890,331,282.00,994.00,50.97,56.45,1896.89,0.888
380,55.00,792.00,90.84,154.26,6240.83,0.897,299,56.00,790.00,90.50,56.95,6117.65,0.897
380,55.00,792.00,90.84,154.26,6240.83,0.897,333,56.00,790.00,91.56,55.36,6206.23,0.890
383,9.00,975.00,18.76,192.87,238.75,0.895,379,11.00,974.00,18.45,32.06,209.69,0.885
384,546.00,537.00,43.22,187.82,1356.40,0.906,121,546.00,536.00,43.84,42.47,1383.39,0.885
385,30.00,507.00,47.04,176.08,1652.60,0.885,314,31.00,505.00,48.29,41.01,1668.51,0.885
385,30.00,507.00,47.04,176.08,1652.60,0.885,621,31.00,506.00,50.25,39.99,1755.71,0.871
388,267.00,397.00,48.85,181.60,1662.28,0.853,278,269.00,396.00,51.08,46.06,1880.97,0.883
389,271.00,762.00,45.98,181.68,1566.78,0.893,298,272.00,760.00,47.09,41.48,1634.60,0.891
391,692.00,94.00,48.57,183.75,1728.72,0.887,456,693.00,93.00,51.06,37.59,1908.65,0.890
391,692.00,94.00,48.57,183.75,1728.72,0.887,615,693.00,93.00,51.48,37.21,1951.56,0.895
392,965.00,228.00,43.83,185.10,1404.15,0.903,394,965.00,227.00,46.85,37.87,1591.70,0.895
393,975.00,70.00,46.54,178.92,1582.70,0.882,457,975.00,69.00,48.10,35.52,1692.04,0.903
394,468.00,88.00,45.41,183.13,1528.72,0.903,442,469.00,87.00,47.64,38.10,1631.14,0.904
394,468.00,88.00,45.41,183.13,1528.72,0.903,470,469.00,87.00,48.44,37.96,1669.20,0.894
394,468.00,88.00,45.41,183.13,1528.72,0.903,521,469.00,88.00,48.98,37.23,1670.59,0.906
396,396.00,25.00,44.10,180.49,1447.06,0.913,455,396.00,24.00,46.37,43.13,1574.39,0.889
397,719.00,126.00,46.45,185.25,1582.01,0.890,440,720.00,126.00,48.83,36.58,1731.49,0.888
397,719.00,126.00,46.45,185.25,1582.01,0.890,650,720.00,126.00,49.15,38.28,1773.70,0.865
399,824.00,177.00,45.88,184.40,1556.40,0.895,417,824.00,175.00,48.36,37.69,1694.12,0.880
400,758.00,228.00,44.54,185.27,1460.21,0.887,436,760.00,226.00,46.63,37.71,1584.78,0.891
401,868.00,357.00,45.11,187.00,1506.57,0.907,450,870.00,355.00,47.67,42.81,1639.45,0.897
405,818.00,218.00,48.01,182.63,1703.11,0.904,388,818.00,217.00,50.26,39.66,1838.06,0.878
406,810.00,134.00,55.45,176.00,2287.20,0.888,424,810.00,133.00,57.53,41.77,2438.75,0.883
406,810.00,134.00,55.45,176.00,2287.20,0.888,638,810.00,133.00,58.08,40.86,2487.20,0.878
407,588.00,173.00,41.11,189.40,1244.98,0.896,419,589.00,172.00,43.42,35.19,1364.01,0.902
408,389.00,287.00,46.19,181.04,1586.16,0.904,411,389.00,286.00,48.15,34.92,1712.11,0.878
408,389.00,287.00,46.19,181.04,1586.16,0.904,520,389.00,286.00,48.06,33.59,1604.15,0.876
409,673.00,247.00,61.54,172.68,2825.61,0.894,403,674.00,246.00,62.52,47.83,2906.57,0.892
410,758.00,349.00,44.60,188.75,1472.66,0.895,391,758.00,348.00,47.36,41.71,1630.45,0.889
411,536.00,353.00,46.48,185.41,1599.31,0.903,408,536.00,351.00,48.21,40.14,1674.74,0.881
413,829.00,366.00,43.06,189.83,1364.71,0.881,432,831.00,364.00,45.30,41.99,1472.66,0.883
417,546.00,232.00,45.59,186.50,1528.72,0.903,460,547.00,231.00,47.39,37.20,1604.84,0.890
418,949.00,107.00,56.15,171.54,2352.25,0.903,384,949.00,107.00,58.56,40.35,2548.10,0.890
418,949.00,107.00,56.15,171.54,2352.25,0.903,527,949.00,106.00,58.51,39.08,2558.48,0.888
419,738.00,280.00,43.97,187.37,1424.22,0.907,396,740.00,278.00,46.05,38.36,1564.71,0.900
420,514.00,205.00,45.97,185.36,1545.33,0.913,447,515.00,204.00,47.72,36.04,1625.61,0.890
421,575.00,295.00,43.59,189.71,1383.39,0.890,435,576.00,294.00,45.60,37.69,1516.26,0.896
422,857.00,243.00,45.57,184.32,1538.41,0.897,387,857.00,241.00,47.89,38.05,1713.49,0.890
425,720.00,360.00,42.91,190.81,1341.87,0.900,422,720.00,359.00,44.61,41.16,1422.15,0.880
425,720.00,360.00,42.91,190.81,1341.87,0.900,630,720.00,359.00,47.66,41.21,1538.41,0.864
426,903.00,92.00,44.77,182.21,1466.44,0.895,438,903.00,91.00,46.19,34.71,1584.08,0.894
427,860.00,124.00,48.43,178.83,1721.80,0.894,395,862.00,123.00,50.53,36.82,1865.05,0.898
429,675.00,23.00,38.85,194.08,1109.34,0.891,464,675.00,22.00,41.71,30.98,1276.12,0.896
430,523.00,313.00,46.29,185.00,1587.54,0.905,405,523.00,311.00,48.11,37.28,1710.03,0.885
432,382.00,107.00,44.26,185.82,1420.07,0.887,425,383.00,105.00,45.48,33.50,1539.79,0.897
433,666.00,325.00,48.36,185.37,1726.64,0.905,402,666.00,324.00,50.89,42.65,1918.34,0.890
434,720.00,244.00,48.59,183.47,1742.56,0.894,393,721.00,242.00,50.35,41.00,1848.44,0.897
435,765.00,58.00,43.86,187.12,1419.38,0.883,385,765.00,57.00,47.04,33.32,1608.30,0.905
436,475.00,131.00,46.86,184.08,1632.53,0.893,420,476.00,130.00,48.82,35.00,1729.41,0.879
437,841.00,84.00,48.05,181.49,1699.65,0.894,423,841.00,83.00,50.90,36.25,1892.04,0.878
437,841.00,84.00,48.05,181.49,1699.65,0.894,636,841.00,83.00,51.17,37.36,1933.56,0.882
440,515.00,120.00,46.04,184.03,1557.09,0.882,400,515.00,119.00,47.64,34.85,1648.44,0.894
441,444.00,336.00,48.72,180.13,1745.33,0.906,389,444.00,335.00,50.38,37.26,1867.82,0.884
441,444.00,336.00,48.72,180.13,1745.33,0.906,652,445.00,336.00,48.51,36.38,1604.84,0.830
442,453.00,297.00,41.22,186.43,1249.13,0.899,462,454.00,295.00,43.09,33.82,1346.71,0.900
443,708.00,56.00,43.27,187.13,1402.08,0.893,443,710.00,55.00,45.82,34.08,1537.02,0.896
445,553.00,191.00,47.36,184.02,1666.44,0.892,466,554.00,189.00,48.84,29.85,1687.89,0.884
445,553.00,191.00,47.36,184.02,1666.44,0.892,525,554.00,189.00,50.78,33.78,1793.08,0.859
447,458.00,374.00,41.17,188.97,1224.22,0.894,439,458.00,372.00,42.87,35.52,1278.89,0.885
448,925.00,253.00,48.20,180.24,1722.49,0.891,386,926.00,252.00,50.82,40.84,1891.35,0.896
448,925.00,253.00,48.20,180.24,1722.49,0.891,519,927.00,252.00,51.82,40.01,1950.17,0.869
449,571.00,334.00,43.77,187.51,1407.61,0.879,426,571.00,333.00,45.82,37.58,1516.96,0.892
454,801.00,338.00,46.45,184.59,1602.08,0.905,431,802.00,336.00,48.30,42.58,1694.81,0.893
455,771.00,309.00,48.24,184.62,1733.56,0.897,413,771.00,308.00,49.78,43.92,1784.78,0.885
457,774.00,157.00,38.50,193.28,1096.19,0.904,467,774.00,156.00,41.11,33.41,1211.07,0.881
458,478.00,174.00,43.47,187.07,1393.77,0.900,453,478.00,173.00,45.41,33.34,1496.89,0.896
459,429.00,96.00,44.78,182.82,1483.74,0.885,437,429.00,95.00,46.25,35.67,1570.24,0.898
461,556.00,149.00,46.88,183.67,1619.38,0.894,446,557.00,148.00,48.30,37.56,1690.66,0.875
462,626.00,210.00,48.24,183.45,1714.19,0.898,407,626.00,209.00,50.26,39.66,1830.45,0.888
463,559.00,26.00,42.55,189.34,1323.88,0.906,463,560.00,25.00,44.81,34.78,1462.98,0.901
464,689.00,168.00,48.22,181.40,1712.80,0.909,392,689.00,168.00,50.15,37.81,1862.98,0.890
466,508.00,245.00,43.88,188.60,1422.84,0.906,421,508.00,244.00,46.36,35.45,1548.10,0.867
467,586.00,258.00,43.47,188.62,1393.08,0.903,416,587.00,257.00,45.71,38.02,1495.50,0.895
467,586.00,258.00,43.47,188.62,1393.08,0.903,524,587.00,257.00,46.03,38.81,1537.02,0.891
468,626.00,252.00,45.61,186.70,1533.56,0.885,412,626.00,251.00,47.72,39.34,1645.67,0.892
468,626.00,252.00,45.61,186.70,1533.56,0.885,526,626.00,251.00,48.38,39.99,1689.97,0.889
469,957.00,313.00,42.09,188.13,1304.50,0.893,441,956.00,313.00,45.57,38.54,1503.11,0.884
469,957.00,313.00,42.09,188.13,1304.50,0.893,616,956.00,312.00,46.84,40.41,1566.78,0.865
472,517.00,162.00,47.51,183.03,1669.90,0.886,406,517.00,162.00,49.59,36.56,1748.10,0.866
472,517.00,162.00,47.51,183.03,1669.90,0.886,607,517.00,162.00,50.20,35.76,1804.84,0.894
473,425.00,275.00,38.74,190.97,1102.42,0.885,465,426.00,273.00,40.98,31.23,1208.30,0.897
476,475.00,219.00,45.42,186.81,1501.73,0.895,410,476.00,218.00,47.96,34.66,1658.13,0.904
477,542.00,273.00,47.78,184.26,1692.04,0.914,398,542.00,272.00,50.11,37.72,1815.22,0.885
477,542.00,273.00,47.78,184.26,1692.04,0.914,515,542.00,272.00,51.29,37.66,1885.12,0.879
479,993.00,33.00,46.28,175.42,1570.93,0.895,427,993.00,31.00,48.10,33.09,1707.27,0.883
481,495.00,362.00,46.93,181.18,1632.53,0.893,409,495.00,360.00,48.96,38.25,1730.10,0.883
481,495.00,362.00,46.93,181.18,1632.53,0.893,522,495.00,360.00,47.90,38.13,1635.99,0.882
482,649.00,287.00,44.01,187.91,1441.52,0.885,434,649.00,286.00,46.19,38.93,1550.87,0.892
483,692.00,292.00,46.04,186.05,1560.55,0.898,415,694.00,290.00,48.08,40.05,1701.73,0.880
487,975.00,188.00,43.83,184.52,1406.92,0.905,418,975.00,187.00,46.44,36.97,1573.70,0.874
488,682.00,364.00,44.23,188.99,1432.53,0.895,399,682.00,363.00,46.12,41.75,1519.72,0.877
490,437.00,49.00,43.61,181.53,1385.47,0.895,445,438.00,48.00,45.42,40.43,1478.89,0.902
490,437.00,49.00,43.61,181.53,1385.47,0.895,516,438.00,48.00,45.82,42.53,1513.49,0.894
491,996.00,253.00,45.59,182.34,1501.73,0.895,448,997.00,252.00,47.32,39.25,1624.91,0.886
493,797.00,264.00,71.94,167.61,3788.24,0.886,401,797.00,263.00,70.92,53.50,3770.93,0.895
495,398.00,206.00,44.15,187.10,1443.60,0.889,459,399.00,205.00,46.76,33.44,1548.79,0.894
496,593.00,91.00,56.30,173.84,2350.17,0.895,390,593.00,89.00,57.55,40.76,2418.69,0.891
496,593.00,91.00,56.30,173.84,2350.17,0.895,645,593.00,90.00,57.52,39.90,2444.29,0.885
497,585.00,218.00,45.74,185.77,1552.94,0.897,452,586.00,217.00,47.96,38.64,1658.13,0.899
498,882.00,318.00,46.31,184.71,1591.00,0.887,449,883.00,316.00,48.94,42.39,1750.17,0.894
502,994.00,293.00,42.91,186.62,1351.56,0.912,428,996.00,293.00,45.78,38.74,1539.79,0.897
502,994.00,293.00,42.91,186.62,1351.56,0.912,640,996.00,292.00,46.75,38.92,1593.77,0.888
503,641.00,165.00,58.98,173.29,2607.61,0.898,429,641.00,164.00,60.37,43.78,2711.42,0.889
503,641.00,165.00,58.98,173.29,2607.61,0.898,637,641.00,164.00,60.78,41.44,2626.30,0.864
505,924.00,61.00,39.33,187.80,1094.12,0.893,468,925.00,61.00,40.11,33.45,1020.07,0.836
506,552.00,108.00,43.86,186.18,1404.15,0.873,451,553.00,107.00,45.37,34.96,1473.36,0.882
507,929.00,210.00,43.61,185.64,1409.69,0.889,414,929.00,209.00,46.84,37.91,1593.77,0.888
510,628.00,116.00,43.55,187.63,1380.62,0.883,433,630.00,115.00,46.04,35.66,1531.49,0.893
511,887.00,55.00,43.72,187.46,1386.16,0.904,469,885.00,56.00,44.12,35.44,1310.73,0.863
512,519.00,35.00,46.59,181.14,1595.85,0.881,458,520.00,34.00,48.66,40.38,1752.25,0.877
513,594.00,135.00,43.48,185.94,1404.15,0.886,444,595.00,134.00,45.57,36.33,1496.89,0.884
516,406.00,167.00,44.18,186.39,1427.68,0.888,461,408.00,167.00,45.61,32.78,1525.95,0.878
518,434.00,138.00,46.03,182.29,1530.10,0.904,430,435.00,137.00,47.57,33.39,1619.38,0.883
519,682.00,364.00,45.20,189.47,1483.04,0.888,399,682.00,363.00,46.12,41.75,1519.72,0.877
523,887.00,55.00,45.49,184.73,1448.44,0.872,469,885.00,56.00,44.12,35.44,1310.73,0.863
525,166.00,137.00,49.26,176.12,1778.55,0.885,535,166.00,136.00,50.72,29.27,1888.58,0.884
527,324.00,205.00,43.89,185.09,1427.68,0.900,544,325.00,204.00,46.09,33.10,1536.33,0.892
528,339.00,44.00,46.38,179.09,1596.54,0.901,555,340.00,43.00,48.35,42.01,1702.42,0.900
531,176.00,97.00,44.72,180.89,1441.52,0.909,545,176.00,96.00,45.83,27.59,1512.11,0.898
532,165.00,219.00,45.48,180.25,1518.34,0.905,546,166.00,217.00,47.36,37.61,1615.92,0.896
532,165.00,219.00,45.48,180.25,1518.34,0.905,619,166.00,218.00,48.74,38.61,1690.66,0.886
533,340.00,87.00,44.52,181.50,1471.28,0.877,552,341.00,86.00,46.50,35.74,1585.47,0.895
536,298.00,127.00,46.68,180.20,1613.84,0.891,547,299.00,126.00,47.62,31.73,1627.68,0.883
539,188.00,262.00,44.70,181.74,1471.97,0.886,538,189.00,261.00,46.08,42.67,1526.64,0.886
541,110.00,357.00,44.86,176.34,1481.66,0.904,529,111.00,355.00,46.55,45.78,1584.78,0.903
543,148.00,367.00,44.28,179.18,1433.22,0.892,558,148.00,366.00,45.71,46.90,1492.04,0.873
544,227.00,64.00,44.76,179.57,1447.06,0.895,557,228.00,63.00,46.43,33.09,1556.40,0.879
546,305.00,169.00,49.04,179.66,1741.87,0.913,553,306.00,167.00,50.37,33.25,1853.98,0.893
546,305.00,169.00,49.04,179.66,1741.87,0.913,592,306.00,167.00,50.73,32.76,1892.04,0.893
547,126.00,214.00,43.92,180.23,1435.29,0.896,531,126.00,213.00,46.53,35.48,1550.87,0.892
548,230.00,376.00,48.30,179.89,1721.11,0.890,569,231.00,375.00,49.17,47.85,1761.94,0.899
548,230.00,376.00,48.30,179.89,1721.11,0.890,628,231.00,375.00,50.57,47.04,1815.22,0.891
549,296.00,233.00,44.04,185.04,1423.53,0.898,560,297.00,231.00,45.86,36.72,1510.73,0.902
550,82.00,276.00,45.71,176.42,1544.64,0.904,548,83.00,275.00,47.46,40.47,1653.98,0.885
551,208.00,297.00,45.46,181.55,1516.96,0.905,570,209.00,296.00,46.81,45.04,1558.48,0.900
551,208.00,297.00,45.46,181.55,1516.96,0.905,644,209.00,296.00,48.00,44.16,1651.90,0.888
552,320.00,320.00,42.63,186.56,1331.49,0.884,562,321.00,319.00,45.29,36.45,1485.81,0.907
553,181.00,329.00,49.17,177.45,1786.85,0.889,565,182.00,328.00,51.56,48.40,1915.57,0.889
553,181.00,329.00,49.17,177.45,1786.85,0.889,611,182.00,328.00,52.73,48.08,1973.70,0.880
554,140.00,324.00,43.79,180.91,1420.76,0.896,568,141.00,323.00,46.18,45.45,1534.95,0.886
555,66.00,187.00,47.39,171.04,1667.13,0.901,533,67.00,186.00,49.22,29.76,1780.62,0.894
555,66.00,187.00,47.39,171.04,1667.13,0.901,602,67.00,185.00,50.52,27.65,1829.76,0.900
561,254.00,124.00,44.50,181.76,1449.83,0.873,542,255.00,123.00,46.01,29.18,1548.79,0.894
562,231.00,334.00,48.65,179.37,1746.02,0.899,563,232.00,333.00,50.34,46.62,1853.29,0.885
565,45.00,260.00,44.56,175.63,1464.36,0.902,532,46.00,259.00,46.20,37.18,1551.56,0.884
567,268.00,261.00,45.42,183.26,1528.03,0.899,549,270.00,259.00,47.41,40.68,1599.31,0.891
569,302.00,62.00,46.67,175.79,1605.54,0.887,539,303.00,61.00,48.47,36.43,1710.03,0.907
570,188.00,371.00,48.92,177.52,1767.47,0.891,559,189.00,370.00,50.53,49.68,1824.91,0.896
571,339.00,127.00,45.34,182.42,1494.12,0.899,561,340.00,127.00,46.97,31.16,1604.84,0.894
572,281.00,318.00,42.97,185.89,1361.94,0.880,564,282.00,317.00,45.09,40.79,1489.97,0.897
576,332.00,253.00,48.68,179.93,1743.25,0.891,540,333.00,252.00,50.93,37.45,1896.19,0.884
580,187.00,57.00,46.44,176.63,1577.85,0.887,550,187.00,56.00,48.60,32.40,1663.67,0.879
581,149.00,39.00,46.54,174.73,1581.31,0.893,537,150.00,38.00,48.43,30.19,1708.65,0.895
582,364.00,186.00,44.04,184.85,1435.99,0.906,556,364.00,185.00,46.15,31.69,1551.56,0.884
587,249.00,296.00,45.38,182.46,1533.56,0.902,571,250.00,295.00,47.07,43.87,1563.32,0.883
589,212.00,26.00,44.16,177.77,1432.53,0.895,566,213.00,25.00,45.42,35.70,1486.51,0.891
590,365.00,227.00,44.39,184.34,1438.75,0.878,541,366.00,227.00,45.83,33.38,1529.41,0.888
593,258.00,164.00,43.78,184.85,1422.84,0.919,534,258.00,163.00,45.87,30.39,1549.48,0.891
593,258.00,164.00,43.78,184.85,1422.84,0.919,601,258.00,163.00,46.58,29.82,1590.31,0.878
595,228.00,259.00,45.09,181.99,1489.97,0.897,554,229.00,258.00,46.56,41.39,1585.47,0.895
596,206.00,224.00,48.57,178.69,1696.19,0.873,551,208.00,222.00,50.18,40.17,1826.30,0.886
598,161.00,290.00,44.30,181.55,1431.14,0.894,567,162.00,289.00,45.88,43.93,1538.41,0.902
599,298.00,127.00,47.84,181.29,1671.28,0.876,547,299.00,126.00,47.62,31.73,1627.68,0.883
600,147.00,367.00,44.59,180.84,1486.51,0.886,558,148.00,366.00,45.71,46.90,1492.04,0.873
602,248.00,296.00,46.83,180.56,1616.61,0.893,571,250.00,295.00,47.07,43.87,1563.32,0.883
603,365.00,228.00,47.59,185.12,1521.11,0.872,541,366.00,227.00,45.83,33.38,1529.41,0.888
604,159.00,970.00,50.94,166.06,1880.28,0.890,306,159.00,967.00,51.70,48.66,1913.49,0.880
605,230.00,705.00,48.51,177.99,1738.41,0.892,296,231.00,703.00,49.63,39.85,1796.54,0.894
607,891.00,901.00,48.47,175.90,1670.59,0.883,115,891.00,898.00,48.29,44.27,1648.44,0.883
610,111.00,616.00,45.54,177.99,1514.19,0.891,262,111.00,614.00,46.09,34.37,1562.63,0.902
610,111.00,616.00,45.54,177.99,1514.19,0.891,646,111.00,614.00,47.49,35.75,1606.92,0.899
611,522.00,662.00,60.45,175.72,2727.34,0.883,67,522.00,659.00,60.56,53.64,2729.41,0.878
613,516.00,833.00,49.56,179.81,1772.32,0.890,16,516.00,831.00,51.11,45.50,1892.73,0.886
614,422.00,631.00,48.68,181.90,1723.88,0.892,139,423.00,629.00,48.96,45.74,1728.72,0.876
617,478.00,857.00,48.11,180.10,1709.34,0.888,60,479.00,855.00,49.62,42.73,1815.22,0.907
619,672.00,791.00,56.75,176.02,2381.31,0.891,70,672.00,788.00,57.20,50.70,2417.30,0.891
621,471.00,645.00,47.24,187.18,1636.68,0.884,133,471.00,643.00,47.74,45.39,1654.67,0.878
621,471.00,645.00,47.24,187.18,1636.68,0.884,634,471.00,644.00,48.13,46.32,1695.50,0.896
622,132.00,474.00,56.08,170.67,2287.89,0.891,263,133.00,472.00,56.29,51.09,2303.11,0.887
626,468.00,88.00,46.55,184.65,1585.47,0.895,442,469.00,87.00,47.64,38.10,1631.14,0.904
626,468.00,88.00,46.55,184.65,1585.47,0.895,470,469.00,87.00,48.44,37.96,1669.20,0.894
626,468.00,88.00,46.55,184.65,1585.47,0.895,521,469.00,88.00,48.98,37.23,1670.59,0.906
629,132.00,473.00,52.94,174.85,1985.47,0.864,263,133.00,472.00,56.29,51.09,2303.11,0.887
630,796.00,264.00,72.89,172.31,3909.34,0.884,401,797.00,263.00,70.92,53.50,3770.93,0.895
631,650.00,583.00,52.61,180.13,1853.98,0.863,34,652.00,581.00,50.23,47.54,1822.84,0.892
