XY_Distance,BF_Mask_ID,BF_Center_X_px,BF_Center_Y_px,BF_Diameter_μm,BF_Mean_Intensity,BF_Area_μm²,BF_Circularity,F_Mask_ID,F_Center_X_px,F_Center_Y_px,F_Diameter_μm,F_Mean_Intensity,F_Area_μm²,F_Circularity
2.0,0.0,395.0,670.0,61.87,171.88,2871.97,0.893,11.0,395.0,668.0,63.09,50.91,2954.33,0.892
1.0,1.0,519.0,431.0,44.49,187.55,1456.75,0.889,50.0,519.0,430.0,46.18,39.94,1541.87,0.879
2.0,2.0,475.0,686.0,46.75,180.56,1629.07,0.888,0.0,475.0,684.0,48.79,44.53,1748.1,0.892
3.0,3.0,752.0,821.0,48.98,176.4,1760.55,0.892,140.0,752.0,818.0,51.52,45.81,1892.73,0.886
3.0,3.0,752.0,821.0,48.98,176.4,1760.55,0.892,153.0,752.0,818.0,51.66,45.07,1929.41,0.885
3.0,3.0,752.0,821.0,48.98,176.4,1760.55,0.892,203.0,752.0,818.0,51.66,46.89,1933.56,0.887
3.1622776601683795,5.0,502.0,620.0,46.31,183.66,1558.48,0.888,92.0,503.0,617.0,47.51,45.76,1605.54,0.887
2.23606797749979,6.0,519.0,709.0,46.96,181.35,1618.69,0.886,20.0,520.0,707.0,48.76,45.08,1741.87,0.886
2.23606797749979,7.0,910.0,692.0,43.43,183.35,1389.62,0.897,132.0,911.0,690.0,46.11,41.9,1556.4,0.879
2.8284271247461903,8.0,663.0,659.0,48.35,181.14,1728.72,0.887,27.0,665.0,657.0,50.72,47.06,1867.82,0.889
3.0,9.0,522.0,662.0,59.68,172.25,2664.36,0.89,67.0,522.0,659.0,60.56,53.64,2729.41,0.878
2.0,11.0,516.0,833.0,48.55,178.13,1738.41,0.892,16.0,516.0,831.0,51.11,45.5,1892.73,0.886
2.23606797749979,12.0,407.0,810.0,45.9,178.37,1552.94,0.897,98.0,408.0,808.0,47.95,41.94,1686.51,0.911
1.4142135623730951,13.0,858.0,641.0,44.25,185.26,1451.9,0.882,30.0,859.0,640.0,47.24,43.6,1643.6,0.899
2.23606797749979,14.0,402.0,551.0,45.75,186.29,1549.48,0.891,54.0,403.0,549.0,48.3,41.52,1689.97,0.882
2.0,15.0,709.0,817.0,49.13,177.84,1797.92,0.895,32.0,709.0,815.0,51.56,46.79,1916.26,0.882
3.0,16.0,665.0,545.0,44.37,186.82,1432.53,0.871,45.0,665.0,542.0,46.51,43.37,1561.25,0.873
2.23606797749979,19.0,470.0,534.0,40.65,191.39,1208.3,0.892,33.0,471.0,532.0,42.43,40.75,1292.04,0.898
2.0,20.0,561.0,685.0,45.59,184.68,1539.1,0.906,53.0,561.0,683.0,48.29,44.7,1703.11,0.892
1.4142135623730951,22.0,585.0,469.0,43.52,189.14,1396.54,0.902,99.0,586.0,468.0,46.0,43.34,1495.5,0.883
2.8284271247461903,23.0,899.0,383.0,45.5,183.6,1532.18,0.885,91.0,901.0,381.0,48.38,43.14,1699.65,0.872
1.0,24.0,766.0,899.0,46.85,179.26,1618.69,0.902,49.0,766.0,898.0,49.24,46.14,1769.55,0.9
2.0,24.0,766.0,899.0,46.85,179.26,1618.69,0.902,241.0,766.0,897.0,50.07,46.25,1825.61,0.882
2.0,26.0,692.0,579.0,44.16,186.58,1426.99,0.879,104.0,692.0,577.0,46.55,43.97,1553.63,0.889
3.1622776601683795,27.0,804.0,532.0,42.84,188.72,1360.55,0.909,24.0,807.0,531.0,45.84,42.64,1553.63,0.906
2.23606797749979,29.0,715.0,614.0,49.23,181.1,1795.85,0.875,44.0,716.0,612.0,51.0,47.28,1925.95,0.886
2.0,30.0,471.0,645.0,46.49,182.13,1579.24,0.9,133.0,471.0,643.0,47.74,45.39,1654.67,0.878
1.0,30.0,471.0,645.0,46.49,182.13,1579.24,0.9,634.0,471.0,644.0,48.13,46.32,1695.5,0.896
1.0,31.0,621.0,770.0,45.95,180.63,1567.47,0.902,22.0,621.0,769.0,48.11,44.12,1713.49,0.879
1.0,33.0,508.0,468.0,42.66,190.63,1334.26,0.904,14.0,508.0,467.0,44.89,41.52,1424.91,0.869
1.4142135623730951,37.0,687.0,436.0,48.11,186.0,1703.11,0.904,10.0,688.0,435.0,50.05,45.05,1831.83,0.893
1.4142135623730951,38.0,938.0,534.0,44.41,183.65,1433.91,0.896,25.0,939.0,533.0,46.7,42.51,1577.16,0.89
2.23606797749979,39.0,845.0,602.0,47.03,182.24,1620.07,0.886,134.0,846.0,600.0,49.41,44.94,1773.7,0.891
1.4142135623730951,39.0,845.0,602.0,47.03,182.24,1620.07,0.886,517.0,846.0,601.0,50.52,44.82,1826.99,0.888
2.23606797749979,40.0,603.0,668.0,43.06,187.52,1370.24,0.885,61.0,604.0,666.0,45.44,44.1,1487.2,0.895
1.0,41.0,665.0,470.0,43.41,189.76,1382.7,0.893,17.0,665.0,469.0,45.63,42.91,1514.88,0.883
2.23606797749979,42.0,705.0,655.0,45.95,181.29,1546.02,0.893,48.0,706.0,653.0,47.87,44.69,1649.13,0.886
2.0,43.0,563.0,426.0,53.27,180.29,2093.43,0.9,29.0,563.0,424.0,55.22,46.2,2242.91,0.894
1.0,43.0,563.0,426.0,53.27,180.29,2093.43,0.9,334.0,563.0,425.0,55.38,44.92,2246.37,0.888
2.0,47.0,785.0,852.0,53.11,174.13,2094.12,0.898,62.0,785.0,850.0,55.26,49.91,2251.21,0.901
2.0,48.0,671.0,836.0,48.2,178.51,1719.72,0.89,31.0,671.0,834.0,50.17,46.09,1809.0,0.885
2.0,51.0,900.0,810.0,44.35,181.64,1425.61,0.878,109.0,900.0,808.0,46.08,43.28,1548.1,0.902
1.0,53.0,400.0,448.0,45.25,184.02,1516.26,0.896,65.0,400.0,447.0,47.59,38.32,1617.99,0.882
2.0,54.0,708.0,399.0,48.45,184.54,1742.56,0.894,41.0,708.0,397.0,50.59,45.4,1854.67,0.896
4.123105625617661,55.0,594.0,956.0,43.88,180.98,1423.53,0.886,137.0,595.0,952.0,47.11,42.3,1593.08,0.88
1.0,56.0,605.0,435.0,44.37,187.79,1447.06,0.883,38.0,605.0,434.0,46.37,42.5,1548.79,0.866
2.23606797749979,57.0,422.0,631.0,47.79,181.63,1668.51,0.901,139.0,423.0,629.0,48.96,45.74,1728.72,0.876
3.1622776601683795,58.0,669.0,745.0,50.14,177.87,1867.13,0.877,116.0,668.0,742.0,51.96,47.59,1986.16,0.891
2.0,59.0,480.0,899.0,46.29,179.06,1582.01,0.901,86.0,480.0,897.0,48.5,44.2,1669.9,0.875
3.1622776601683795,60.0,818.0,406.0,47.94,185.03,1707.27,0.894,35.0,819.0,403.0,50.59,45.46,1862.98,0.89
2.0,62.0,936.0,462.0,44.93,184.62,1498.96,0.894,120.0,936.0,460.0,47.56,43.5,1653.29,0.893
2.23606797749979,62.0,936.0,462.0,44.93,184.62,1498.96,0.894,244.0,935.0,460.0,49.2,44.79,1720.42,0.887
2.23606797749979,64.0,780.0,467.0,46.33,185.92,1581.31,0.893,95.0,781.0,465.0,48.86,44.94,1716.96,0.888
1.0,65.0,787.0,711.0,45.86,182.92,1559.86,0.889,18.0,787.0,710.0,48.22,45.25,1707.27,0.894
2.0,65.0,787.0,711.0,45.86,182.92,1559.86,0.889,246.0,787.0,709.0,49.95,45.02,1769.55,0.878
1.0,66.0,948.0,739.0,46.69,176.75,1611.76,0.898,8.0,948.0,738.0,49.16,43.5,1793.77,0.893
1.0,66.0,948.0,739.0,46.69,176.75,1611.76,0.898,222.0,948.0,738.0,49.88,45.83,1840.83,0.879
2.23606797749979,69.0,561.0,575.0,48.42,183.62,1745.33,0.895,89.0,562.0,573.0,51.21,47.48,1894.81,0.879
2.0,69.0,561.0,575.0,48.42,183.62,1745.33,0.895,374.0,561.0,573.0,51.37,47.43,1921.8,0.884
2.23606797749979,71.0,626.0,626.0,68.55,169.86,3543.25,0.897,56.0,627.0,624.0,69.05,61.14,3528.03,0.875
2.23606797749979,71.0,626.0,626.0,68.55,169.86,3543.25,0.897,647.0,627.0,624.0,69.59,60.23,3578.55,0.874
2.23606797749979,72.0,384.0,514.0,45.46,185.42,1525.26,0.897,42.0,385.0,512.0,46.97,41.0,1602.08,0.893
2.23606797749979,73.0,543.0,619.0,45.46,183.6,1539.1,0.906,55.0,544.0,617.0,47.88,45.39,1639.45,0.886
2.0,74.0,636.0,689.0,42.31,187.26,1318.34,0.903,78.0,636.0,687.0,44.8,42.93,1444.98,0.89
1.0,75.0,936.0,614.0,56.96,171.23,2395.85,0.89,19.0,936.0,613.0,58.78,50.21,2565.4,0.89
0.0,75.0,936.0,614.0,56.96,171.23,2395.85,0.89,528.0,936.0,614.0,56.53,46.35,2265.05,0.853
2.0,75.0,936.0,614.0,56.96,171.23,2395.85,0.89,623.0,936.0,612.0,60.73,46.71,2684.43,0.887
2.23606797749979,76.0,818.0,448.0,48.49,181.25,1752.25,0.899,3.0,819.0,446.0,50.59,45.69,1868.51,0.892
2.23606797749979,76.0,818.0,448.0,48.49,181.25,1752.25,0.899,247.0,819.0,446.0,50.97,45.76,1914.19,0.888
2.0,78.0,920.0,499.0,42.94,186.96,1364.71,0.899,72.0,920.0,497.0,45.48,42.59,1497.58,0.888
1.4142135623730951,79.0,895.0,464.0,44.88,186.53,1494.12,0.899,111.0,894.0,463.0,47.76,44.44,1660.21,0.886
1.0,79.0,895.0,464.0,44.88,186.53,1494.12,0.899,204.0,895.0,463.0,48.51,44.89,1716.26,0.88
2.0,80.0,771.0,564.0,44.8,186.5,1483.74,0.902,26.0,771.0,562.0,47.59,44.56,1638.75,0.893
2.0,80.0,771.0,564.0,44.8,186.5,1483.74,0.902,200.0,771.0,562.0,48.33,45.02,1685.81,0.875
2.23606797749979,82.0,603.0,505.0,44.07,188.41,1420.07,0.904,83.0,604.0,503.0,45.87,44.24,1505.19,0.901
2.23606797749979,83.0,651.0,583.0,48.48,183.67,1728.03,0.894,34.0,652.0,581.0,50.23,47.54,1822.84,0.892
3.1622776601683795,83.0,651.0,583.0,48.48,183.67,1728.03,0.894,631.0,652.0,580.0,52.61,46.35,1946.71,0.885
1.0,84.0,851.0,476.0,43.25,188.22,1378.55,0.878,46.0,851.0,475.0,46.43,42.39,1568.86,0.891
2.0,84.0,851.0,476.0,43.25,188.22,1378.55,0.878,633.0,851.0,474.0,46.86,44.62,1628.37,0.896
2.0,85.0,635.0,895.0,43.44,183.28,1389.62,0.897,122.0,635.0,893.0,45.81,42.51,1516.96,0.888
2.8284271247461903,87.0,781.0,427.0,44.03,186.89,1445.67,0.887,146.0,783.0,425.0,46.02,42.67,1525.26,0.897
2.23606797749979,88.0,457.0,606.0,48.24,180.59,1725.95,0.885,51.0,458.0,604.0,50.39,43.86,1858.82,0.888
2.23606797749979,88.0,457.0,606.0,48.24,180.59,1725.95,0.885,642.0,458.0,604.0,51.45,45.0,1898.27,0.884
2.0,89.0,750.0,693.0,46.31,181.88,1561.94,0.905,37.0,750.0,691.0,47.98,45.38,1633.22,0.886
3.0,91.0,808.0,893.0,48.9,177.07,1754.33,0.892,75.0,808.0,890.0,51.59,45.9,1942.56,0.894
1.4142135623730951,92.0,563.0,502.0,45.89,186.7,1538.41,0.909,82.0,564.0,501.0,47.43,44.01,1647.06,0.898
2.23606797749979,93.0,634.0,855.0,44.13,183.46,1440.14,0.908,142.0,635.0,853.0,46.89,43.01,1613.15,0.871
1.0,96.0,924.0,571.0,43.89,185.73,1417.99,0.894,108.0,924.0,570.0,46.21,42.34,1543.94,0.888
2.23606797749979,97.0,672.0,701.0,44.12,182.47,1433.91,0.883,87.0,673.0,699.0,46.23,43.72,1561.94,0.893
1.0,99.0,889.0,854.0,43.45,181.29,1399.31,0.904,102.0,889.0,853.0,46.96,42.14,1575.09,0.898
2.23606797749979,101.0,519.0,583.0,46.39,184.25,1593.77,0.9,85.0,520.0,581.0,48.81,45.74,1727.34,0.886
2.23606797749979,102.0,585.0,541.0,46.05,185.85,1575.09,0.898,2.0,586.0,539.0,48.75,45.47,1703.11,0.877
2.0,105.0,414.0,724.0,43.93,183.33,1422.15,0.897,15.0,414.0,722.0,46.25,41.94,1557.09,0.887
2.0,105.0,414.0,724.0,43.93,183.33,1422.15,0.897,649.0,414.0,722.0,47.27,42.8,1609.0,0.892
2.0,106.0,788.0,978.0,44.65,178.33,1462.28,0.892,59.0,788.0,976.0,47.56,41.48,1666.44,0.897
3.1622776601683795,108.0,550.0,927.0,43.67,181.86,1390.31,0.902,135.0,551.0,924.0,45.93,42.75,1541.87,0.89
1.0,109.0,489.0,404.0,44.37,186.85,1442.91,0.892,7.0,489.0,403.0,46.55,37.77,1568.86,0.886
2.0,110.0,515.0,750.0,46.63,181.71,1610.38,0.897,9.0,515.0,748.0,48.92,44.46,1759.86,0.884
2.23606797749979,111.0,859.0,396.0,44.97,186.64,1496.19,0.88,21.0,860.0,394.0,47.54,42.7,1630.45,0.884
2.0,112.0,444.0,919.0,45.41,180.63,1522.49,0.891,143.0,444.0,917.0,47.64,43.45,1631.14,0.881
2.23606797749979,112.0,444.0,919.0,45.41,180.63,1522.49,0.891,648.0,445.0,917.0,48.74,45.15,1709.34,0.888
2.23606797749979,114.0,549.0,771.0,43.39,184.83,1409.0,0.88,43.0,550.0,769.0,46.89,42.41,1571.63,0.887
2.23606797749979,115.0,784.0,671.0,45.27,184.22,1508.65,0.883,117.0,785.0,669.0,47.08,44.99,1644.29,0.892
1.4142135623730951,117.0,438.0,417.0,72.52,167.2,3929.41,0.893,13.0,439.0,416.0,72.33,52.34,3906.57,0.89
1.4142135623730951,117.0,438.0,417.0,72.52,167.2,3929.41,0.893,643.0,439.0,416.0,72.51,51.11,3941.18,0.891
1.4142135623730951,120.0,646.0,436.0,44.46,187.06,1469.2,0.896,64.0,645.0,435.0,46.45,43.08,1558.48,0.877
1.0,122.0,547.0,466.0,43.92,189.47,1412.46,0.903,84.0,547.0,465.0,45.78,42.34,1508.65,0.883
1.0,122.0,547.0,466.0,43.92,189.47,1412.46,0.903,639.0,547.0,465.0,46.37,43.36,1550.87,0.899
2.0,123.0,551.0,852.0,40.96,185.83,1222.84,0.88,79.0,551.0,850.0,42.9,40.84,1332.87,0.878
1.0,126.0,478.0,495.0,48.48,182.54,1737.72,0.888,81.0,478.0,494.0,50.08,41.99,1844.29,0.888
2.0,126.0,478.0,495.0,48.48,182.54,1737.72,0.888,240.0,478.0,493.0,49.42,42.04,1667.82,0.893
2.0,127.0,383.0,624.0,43.01,185.85,1355.71,0.91,105.0,383.0,622.0,45.09,40.61,1485.12,0.898
2.0,127.0,383.0,624.0,43.01,185.85,1355.71,0.91,207.0,383.0,622.0,45.61,43.89,1544.64,0.88
3.0,128.0,667.0,960.0,43.84,181.99,1405.54,0.899,90.0,667.0,957.0,46.26,41.83,1593.08,0.891
2.23606797749979,130.0,433.0,523.0,46.32,184.72,1597.92,0.89,76.0,434.0,521.0,48.3,41.31,1681.66,0.889
1.4142135623730951,130.0,433.0,523.0,46.32,184.72,1597.92,0.89,590.0,434.0,522.0,48.31,40.83,1689.27,0.896
2.23606797749979,134.0,414.0,488.0,43.87,186.94,1420.76,0.884,131.0,415.0,486.0,45.69,38.69,1521.11,0.883
3.1622776601683795,136.0,408.0,861.0,44.04,183.26,1416.61,0.893,4.0,409.0,858.0,46.15,40.58,1579.93,0.892
3.1622776601683795,136.0,408.0,861.0,44.04,183.26,1416.61,0.893,632.0,409.0,858.0,46.46,42.57,1597.23,0.882
3.0,137.0,523.0,881.0,45.49,179.51,1542.56,0.899,113.0,523.0,878.0,47.89,40.62,1664.36,0.899
3.0,137.0,523.0,881.0,45.49,179.51,1542.56,0.899,376.0,523.0,878.0,46.03,41.37,1440.14,0.851
2.0,138.0,832.0,980.0,44.47,175.65,1445.67,0.882,114.0,832.0,978.0,47.05,40.7,1617.3,0.901
1.4142135623730951,139.0,581.0,609.0,42.69,189.3,1348.1,0.901,93.0,582.0,608.0,45.36,44.42,1448.44,0.884
2.0,140.0,830.0,775.0,43.55,183.69,1391.7,0.89,112.0,830.0,773.0,45.79,42.34,1543.25,0.891
1.0,142.0,531.0,393.0,46.34,185.81,1567.47,0.885,52.0,531.0,392.0,47.73,40.2,1663.67,0.879
1.0,143.0,482.0,940.0,46.03,178.33,1570.24,0.903,106.0,482.0,939.0,48.04,43.44,1671.97,0.895
2.23606797749979,145.0,984.0,559.0,48.98,177.75,1766.09,0.906,66.0,983.0,557.0,51.4,45.81,1901.73,0.897
2.0,146.0,979.0,606.0,43.49,182.34,1404.84,0.895,138.0,979.0,604.0,46.27,43.05,1496.19,0.892
3.0,147.0,672.0,791.0,55.84,172.96,2326.64,0.896,70.0,672.0,788.0,57.2,50.7,2417.3,0.891
2.23606797749979,149.0,478.0,857.0,47.62,178.78,1674.05,0.893,60.0,479.0,855.0,49.62,42.73,1815.22,0.907
2.23606797749979,150.0,993.0,518.0,45.44,183.9,1523.18,0.876,68.0,992.0,516.0,48.06,43.82,1678.2,0.879
2.0,151.0,792.0,759.0,48.35,178.93,1715.57,0.888,126.0,792.0,757.0,50.85,45.21,1899.65,0.889
1.0,152.0,907.0,424.0,48.22,182.32,1710.73,0.888,28.0,907.0,423.0,51.2,45.05,1894.81,0.879
1.0,152.0,907.0,424.0,48.22,182.32,1710.73,0.888,242.0,907.0,423.0,51.34,45.15,1920.42,0.873
2.0,153.0,442.0,560.0,36.83,195.13,990.31,0.908,124.0,442.0,558.0,38.87,37.72,1101.04,0.884
2.0,155.0,931.0,875.0,62.9,164.05,2938.41,0.893,97.0,931.0,873.0,64.3,54.67,3076.12,0.891
2.0,156.0,742.0,966.0,46.37,177.87,1572.32,0.896,73.0,742.0,964.0,48.75,43.61,1764.71,0.894
2.23606797749979,158.0,748.0,652.0,43.94,185.12,1433.91,0.913,74.0,749.0,650.0,47.02,43.78,1584.08,0.906
1.4142135623730951,158.0,748.0,652.0,43.94,185.12,1433.91,0.913,243.0,749.0,651.0,48.94,44.73,1632.53,0.898
2.8284271247461903,159.0,641.0,504.0,42.58,189.55,1314.88,0.891,1.0,643.0,502.0,44.96,42.47,1460.21,0.895
2.0,161.0,914.0,772.0,44.48,179.7,1453.98,0.887,57.0,914.0,770.0,46.83,43.47,1592.39,0.899
3.1622776601683795,163.0,836.0,859.0,44.35,180.86,1448.44,0.901,58.0,837.0,856.0,46.77,43.48,1571.63,0.899
3.0,163.0,836.0,859.0,44.35,180.86,1448.44,0.901,249.0,836.0,856.0,47.25,43.87,1632.53,0.866
3.0,164.0,956.0,582.0,30.69,200.77,683.04,0.882,152.0,956.0,579.0,31.69,33.69,691.35,0.876
3.0,166.0,743.0,866.0,43.77,182.67,1422.84,0.889,130.0,743.0,863.0,46.56,43.86,1550.17,0.895
2.23606797749979,168.0,513.0,918.0,40.42,183.77,1205.54,0.909,107.0,514.0,916.0,42.63,40.59,1268.51,0.881
2.0,169.0,711.0,697.0,43.47,183.82,1387.54,0.905,129.0,711.0,695.0,45.96,43.38,1491.35,0.905
2.0,171.0,850.0,897.0,46.77,176.83,1611.76,0.882,94.0,850.0,895.0,49.5,44.01,1737.72,0.894
2.0,171.0,850.0,897.0,46.77,176.83,1611.76,0.882,218.0,850.0,895.0,49.5,45.0,1765.4,0.893
3.0,172.0,708.0,901.0,46.9,179.56,1627.68,0.899,6.0,708.0,898.0,49.64,45.19,1811.76,0.902
3.0,173.0,446.0,961.0,46.8,180.72,1611.76,0.893,136.0,446.0,958.0,49.0,45.21,1733.56,0.886
3.1622776601683795,174.0,703.0,541.0,40.69,191.23,1226.3,0.905,103.0,704.0,538.0,43.4,42.24,1373.01,0.887
1.0,175.0,795.0,595.0,43.88,185.52,1411.07,0.89,127.0,795.0,594.0,46.21,43.78,1558.48,0.888
1.4142135623730951,177.0,614.0,396.0,46.03,185.5,1564.01,0.891,12.0,615.0,395.0,48.11,41.34,1727.34,0.886
2.23606797749979,177.0,614.0,396.0,46.03,185.5,1564.01,0.891,383.0,615.0,394.0,48.12,42.11,1634.6,0.871
2.0,178.0,992.0,706.0,48.2,176.88,1719.03,0.893,71.0,992.0,704.0,50.91,46.76,1919.03,0.898
2.23606797749979,179.0,717.0,510.0,33.19,203.16,808.3,0.897,96.0,718.0,508.0,35.58,36.95,896.19,0.892
1.4142135623730951,180.0,961.0,494.0,42.66,187.69,1339.1,0.886,110.0,960.0,493.0,45.72,41.69,1507.96,0.896
1.4142135623730951,180.0,961.0,494.0,42.66,187.69,1339.1,0.886,248.0,960.0,493.0,46.19,42.6,1548.79,0.883
1.4142135623730951,181.0,986.0,377.0,43.53,185.96,1393.08,0.879,404.0,987.0,376.0,46.3,42.76,1555.02,0.878
2.0,186.0,976.0,655.0,49.16,177.18,1763.32,0.893,123.0,976.0,653.0,51.79,45.15,1961.25,0.895
1.4142135623730951,189.0,994.0,415.0,43.6,183.55,1405.54,0.886,5.0,995.0,414.0,46.78,45.36,1561.25,0.89
2.23606797749979,190.0,630.0,935.0,46.38,179.72,1586.85,0.896,100.0,631.0,933.0,48.51,44.63,1729.41,0.89
2.23606797749979,194.0,671.0,880.0,44.12,182.21,1434.6,0.892,47.0,672.0,878.0,46.47,42.68,1543.25,0.903
2.23606797749979,196.0,893.0,941.0,45.53,177.69,1485.12,0.898,141.0,894.0,939.0,48.06,42.53,1659.52,0.888
1.0,197.0,711.0,736.0,45.74,182.41,1525.95,0.889,39.0,711.0,735.0,47.64,44.08,1669.2,0.894
2.0,197.0,711.0,736.0,45.74,182.41,1525.95,0.889,624.0,711.0,734.0,48.36,44.87,1678.2,0.886
2.0,198.0,863.0,437.0,47.48,182.66,1683.04,0.901,36.0,863.0,435.0,50.47,45.47,1823.53,0.878
3.1622776601683795,199.0,555.0,968.0,48.57,176.03,1758.48,0.894,150.0,556.0,965.0,50.6,44.84,1863.67,0.889
2.23606797749979,203.0,507.0,544.0,45.69,185.63,1547.4,0.882,63.0,508.0,542.0,47.76,45.17,1649.83,0.883
2.23606797749979,205.0,563.0,889.0,46.19,180.66,1581.31,0.893,119.0,564.0,887.0,48.55,44.38,1720.42,0.882
1.0,206.0,819.0,633.0,43.77,184.86,1386.16,0.899,69.0,819.0,632.0,45.72,42.74,1517.65,0.885
2.23606797749979,207.0,752.0,398.0,46.02,186.86,1550.87,0.892,77.0,753.0,396.0,48.15,42.8,1706.57,0.891
2.23606797749979,211.0,408.0,941.0,47.75,179.66,1675.43,0.905,128.0,409.0,939.0,49.94,44.58,1806.23,0.877
3.0,212.0,988.0,916.0,42.55,170.53,1321.8,0.901,147.0,988.0,913.0,44.49,48.85,1452.6,0.898
2.23606797749979,213.0,744.0,487.0,45.7,185.32,1523.18,0.876,23.0,746.0,486.0,47.8,44.54,1680.97,0.885
3.0,214.0,891.0,901.0,46.07,177.18,1554.33,0.886,115.0,891.0,898.0,48.29,44.27,1648.44,0.883
1.0,215.0,546.0,537.0,42.54,187.92,1325.95,0.886,121.0,546.0,536.0,43.84,42.47,1383.39,0.885
2.0,218.0,813.0,944.0,46.45,177.16,1562.63,0.902,125.0,813.0,942.0,48.06,43.41,1702.42,0.9
2.23606797749979,218.0,813.0,944.0,46.45,177.16,1562.63,0.902,609.0,814.0,942.0,49.05,43.54,1777.16,0.885
2.23606797749979,219.0,900.0,732.0,49.26,176.0,1782.01,0.869,40.0,899.0,730.0,51.24,45.76,1936.33,0.894
3.1622776601683795,220.0,431.0,1001.0,47.0,173.66,1636.68,0.884,118.0,432.0,998.0,49.64,50.29,1829.07,0.881
2.0,222.0,854.0,946.0,45.05,176.76,1485.81,0.907,148.0,854.0,944.0,47.43,42.09,1613.84,0.891
2.0,222.0,854.0,946.0,45.05,176.76,1485.81,0.907,238.0,854.0,944.0,48.13,42.94,1700.35,0.891
1.0,225.0,663.0,399.0,46.27,184.53,1573.7,0.897,80.0,663.0,398.0,47.81,43.08,1682.35,0.897
2.0,226.0,869.0,785.0,43.81,181.81,1387.54,0.9,144.0,869.0,783.0,45.67,43.04,1524.57,0.889
3.1622776601683795,227.0,478.0,985.0,42.82,180.41,1339.1,0.886,101.0,479.0,982.0,45.42,42.24,1513.49,0.899
3.0,230.0,819.0,824.0,43.54,182.16,1367.47,0.871,145.0,819.0,821.0,45.78,42.83,1525.26,0.897
3.0,231.0,940.0,822.0,48.74,173.68,1668.51,0.838,88.0,940.0,819.0,51.11,44.26,1911.42,0.898
3.605551275463989,232.0,998.0,955.0,43.4,166.9,1342.56,0.897,151.0,1001.0,953.0,44.61,50.9,1440.83,0.871
1.4142135623730951,233.0,440.0,659.0,29.0,203.3,604.15,0.897,154.0,441.0,658.0,30.59,31.89,631.83,0.892
2.0,234.0,475.0,686.0,47.21,182.4,1652.6,0.901,0.0,475.0,684.0,48.79,44.53,1748.1,0.892
4.242640687119285,235.0,960.0,964.0,48.19,168.43,1598.62,0.889,149.0,963.0,961.0,49.87,50.66,1775.78,0.895
1.0,238.0,821.0,582.0,21.78,216.05,332.18,0.863,211.0,822.0,582.0,22.25,28.93,302.42,0.859
3.1622776601683795,239.0,989.0,916.0,43.49,169.93,1385.47,0.895,147.0,988.0,913.0,44.49,48.85,1452.6,0.898
1.4142135623730951,240.0,925.0,571.0,45.35,187.14,1500.35,0.883,108.0,924.0,570.0,46.21,42.34,1543.94,0.888
1.4142135623730951,241.0,543.0,618.0,47.04,181.98,1626.99,0.89,55.0,544.0,617.0,47.88,45.39,1639.45,0.886
3.1622776601683795,242.0,555.0,968.0,49.71,177.77,1820.76,0.899,150.0,556.0,965.0,50.6,44.84,1863.67,0.889
2.0,243.0,979.0,606.0,44.42,187.05,1447.06,0.895,138.0,979.0,604.0,46.27,43.05,1496.19,0.892
1.0,245.0,439.0,417.0,74.71,173.59,3679.58,0.758,13.0,439.0,416.0,72.33,52.34,3906.57,0.89
1.0,245.0,439.0,417.0,74.71,173.59,3679.58,0.758,643.0,439.0,416.0,72.51,51.11,3941.18,0.891
2.23606797749979,250.0,79.0,396.0,61.87,164.24,2881.66,0.896,250.0,80.0,394.0,62.65,52.4,2928.72,0.89
3.0,251.0,222.0,890.0,48.87,176.55,1749.48,0.897,261.0,222.0,887.0,51.05,42.19,1895.5,0.902
3.1622776601683795,252.0,263.0,637.0,48.01,176.37,1701.04,0.895,271.0,264.0,634.0,50.16,39.93,1836.68,0.899
2.23606797749979,252.0,263.0,637.0,48.01,176.37,1701.04,0.895,380.0,264.0,635.0,50.6,39.47,1878.2,0.893
3.1622776601683795,254.0,153.0,769.0,46.99,175.14,1638.75,0.905,297.0,154.0,766.0,48.6,38.11,1711.42,0.881
2.8284271247461903,256.0,178.0,524.0,43.93,179.72,1429.76,0.893,323.0,180.0,522.0,45.85,42.76,1512.8,0.873
2.23606797749979,257.0,309.0,655.0,60.17,171.0,2706.57,0.894,280.0,310.0,653.0,61.3,48.27,2795.16,0.884
2.23606797749979,257.0,309.0,655.0,60.17,171.0,2706.57,0.894,610.0,310.0,653.0,62.75,46.43,2859.52,0.886
1.4142135623730951,259.0,261.0,439.0,44.25,186.85,1433.91,0.901,318.0,262.0,438.0,45.9,42.94,1498.96,0.877
2.8284271247461903,260.0,149.0,677.0,48.6,174.68,1757.09,0.893,253.0,151.0,675.0,50.79,37.77,1899.65,0.9
1.4142135623730951,261.0,229.0,417.0,43.81,184.6,1409.69,0.877,310.0,230.0,416.0,45.46,45.5,1489.27,0.9
1.4142135623730951,262.0,298.0,698.0,44.24,182.94,1431.14,0.894,292.0,299.0,697.0,46.54,39.73,1555.71,0.887
2.23606797749979,263.0,135.0,894.0,48.68,170.87,1749.48,0.897,254.0,136.0,892.0,51.09,38.64,1915.57,0.889
2.23606797749979,263.0,135.0,894.0,48.68,170.87,1749.48,0.897,373.0,136.0,892.0,52.73,37.59,1960.55,0.871
1.4142135623730951,264.0,201.0,769.0,47.65,176.84,1691.35,0.906,272.0,202.0,768.0,50.38,40.66,1810.38,0.89
2.23606797749979,264.0,201.0,769.0,47.65,176.84,1691.35,0.906,627.0,202.0,767.0,51.01,39.94,1870.59,0.886
2.23606797749979,265.0,186.0,731.0,45.95,177.4,1553.63,0.889,268.0,187.0,729.0,47.86,37.75,1666.44,0.892
2.23606797749979,266.0,59.0,698.0,47.51,174.0,1672.66,0.904,286.0,60.0,696.0,49.16,36.35,1773.01,0.883
2.23606797749979,268.0,188.0,563.0,46.12,180.98,1566.09,0.896,326.0,189.0,561.0,47.38,38.39,1618.69,0.886
1.4142135623730951,269.0,331.0,769.0,48.3,178.92,1737.02,0.902,274.0,330.0,768.0,50.6,44.58,1878.89,0.879
2.23606797749979,272.0,309.0,430.0,71.77,169.98,3874.05,0.899,256.0,310.0,428.0,71.26,51.23,3734.26,0.889
3.605551275463989,272.0,309.0,430.0,71.77,169.98,3874.05,0.899,641.0,311.0,427.0,68.92,47.82,3296.89,0.847
1.0,273.0,88.0,493.0,56.89,167.16,2432.53,0.887,283.0,88.0,492.0,58.16,49.59,2503.11,0.89
1.0,274.0,369.0,756.0,42.6,185.45,1335.64,0.905,289.0,369.0,755.0,45.16,40.76,1470.59,0.897
2.0,275.0,362.0,547.0,44.25,186.09,1444.98,0.89,257.0,362.0,545.0,46.26,39.4,1562.63,0.902
2.8284271247461903,278.0,258.0,551.0,44.12,185.79,1424.22,0.89,287.0,260.0,549.0,46.48,37.96,1584.78,0.891
1.0,279.0,142.0,410.0,49.39,173.39,1823.53,0.889,375.0,143.0,410.0,54.33,27.63,1830.45,0.851
2.23606797749979,281.0,132.0,474.0,54.9,171.04,2230.45,0.899,263.0,133.0,472.0,56.29,51.09,2303.11,0.887
2.23606797749979,282.0,42.0,736.0,48.08,174.49,1680.97,0.892,267.0,43.0,734.0,49.73,37.01,1723.88,0.861
2.23606797749979,286.0,99.0,577.0,44.41,178.23,1424.22,0.907,269.0,101.0,576.0,45.69,36.98,1521.8,0.887
3.0,287.0,306.0,877.0,44.13,180.98,1426.3,0.887,304.0,306.0,874.0,46.16,40.7,1548.79,0.883
2.23606797749979,288.0,109.0,769.0,46.42,175.45,1569.55,0.883,270.0,110.0,767.0,48.77,37.5,1693.43,0.887
1.0,289.0,360.0,438.0,48.27,181.87,1737.02,0.891,316.0,360.0,437.0,50.26,39.41,1808.3,0.877
2.0,289.0,360.0,438.0,48.27,181.87,1737.02,0.891,381.0,360.0,436.0,48.52,38.94,1604.15,0.872
1.4142135623730951,290.0,295.0,513.0,44.18,185.05,1451.21,0.903,252.0,296.0,512.0,46.14,37.82,1566.09,0.901
2.23606797749979,291.0,234.0,745.0,43.8,182.02,1414.53,0.901,302.0,235.0,743.0,46.14,39.62,1541.87,0.879
2.23606797749979,292.0,125.0,855.0,42.58,177.68,1337.72,0.898,255.0,126.0,853.0,45.09,35.23,1479.58,0.882
2.23606797749979,294.0,176.0,803.0,45.78,178.26,1528.03,0.911,317.0,177.0,801.0,47.61,37.83,1640.83,0.886
2.8284271247461903,296.0,74.0,656.0,48.32,172.24,1722.49,0.902,282.0,76.0,654.0,50.22,36.56,1869.9,0.893
2.23606797749979,297.0,103.0,537.0,48.62,175.3,1750.87,0.898,285.0,104.0,535.0,50.45,45.12,1825.61,0.882
1.4142135623730951,299.0,185.0,602.0,44.08,180.98,1401.38,0.884,258.0,186.0,601.0,45.62,36.45,1513.49,0.906
2.8284271247461903,300.0,21.0,593.0,43.68,178.8,1407.61,0.896,264.0,23.0,591.0,45.94,33.97,1522.49,0.896
2.23606797749979,301.0,253.0,919.0,47.44,173.78,1691.35,0.906,290.0,254.0,917.0,50.34,46.36,1815.22,0.896
2.23606797749979,302.0,175.0,485.0,44.09,180.99,1417.3,0.885,309.0,176.0,483.0,46.6,43.83,1546.71,0.869
1.4142135623730951,302.0,175.0,485.0,44.09,180.99,1417.3,0.885,369.0,176.0,484.0,46.94,43.67,1585.47,0.841
2.23606797749979,303.0,268.0,398.0,49.98,178.66,1846.37,0.908,278.0,269.0,396.0,51.08,46.06,1880.97,0.883
2.23606797749979,308.0,348.0,399.0,44.06,185.95,1431.83,0.891,284.0,349.0,397.0,45.61,35.94,1505.88,0.874
1.4142135623730951,308.0,348.0,399.0,44.06,185.95,1431.83,0.891,635.0,349.0,398.0,46.29,38.73,1539.1,0.866
2.0,309.0,132.0,809.0,54.33,168.4,2213.84,0.892,281.0,132.0,807.0,56.8,40.62,2360.55,0.883
2.23606797749979,309.0,132.0,809.0,54.33,168.4,2213.84,0.892,622.0,133.0,807.0,58.61,39.78,2487.89,0.885
1.4142135623730951,310.0,50.0,449.0,41.86,175.69,1289.27,0.896,330.0,51.0,448.0,42.61,42.44,1328.72,0.875
2.23606797749979,311.0,367.0,478.0,43.66,185.22,1409.69,0.889,265.0,368.0,476.0,45.42,37.41,1493.43,0.89
2.23606797749979,312.0,200.0,971.0,44.98,170.91,1478.2,0.893,327.0,201.0,969.0,46.88,49.17,1582.01,0.897
2.23606797749979,313.0,227.0,577.0,46.46,181.33,1608.3,0.888,260.0,228.0,575.0,48.51,39.27,1714.88,0.891
2.8284271247461903,314.0,322.0,477.0,44.7,186.6,1445.67,0.882,295.0,324.0,475.0,46.32,37.04,1557.09,0.887
1.4142135623730951,315.0,295.0,915.0,46.38,176.33,1591.7,0.89,307.0,296.0,914.0,48.51,44.76,1713.49,0.89
2.8284271247461903,318.0,33.0,665.0,45.5,175.26,1532.18,0.885,301.0,35.0,663.0,47.5,35.04,1627.68,0.899
2.0,320.0,266.0,878.0,45.01,178.9,1504.5,0.885,275.0,266.0,876.0,47.63,40.22,1642.91,0.891
2.0,322.0,224.0,664.0,44.1,179.94,1438.06,0.903,322.0,224.0,662.0,46.3,38.14,1557.09,0.899
2.23606797749979,324.0,261.0,677.0,44.18,181.54,1447.75,0.892,294.0,262.0,675.0,46.28,38.9,1555.71,0.882
2.23606797749979,325.0,110.0,616.0,44.09,177.78,1438.75,0.907,262.0,111.0,614.0,46.09,34.37,1562.63,0.902
2.23606797749979,325.0,110.0,616.0,44.09,177.78,1438.75,0.907,646.0,111.0,614.0,47.49,35.75,1606.92,0.899
1.4142135623730951,327.0,230.0,704.0,47.66,177.05,1682.35,0.881,296.0,231.0,703.0,49.63,39.85,1796.54,0.894
2.23606797749979,329.0,341.0,730.0,43.62,184.78,1397.23,0.894,321.0,342.0,728.0,45.09,42.38,1472.66,0.895
1.4142135623730951,330.0,341.0,620.0,45.49,182.89,1532.18,0.901,266.0,342.0,619.0,48.08,40.62,1686.51,0.911
1.4142135623730951,330.0,341.0,620.0,45.49,182.89,1532.18,0.901,335.0,342.0,619.0,48.96,41.43,1733.56,0.881
1.4142135623730951,333.0,62.0,532.0,44.68,177.07,1478.2,0.893,319.0,63.0,531.0,46.47,41.47,1539.1,0.877
2.23606797749979,334.0,213.0,820.0,43.69,180.26,1417.3,0.89,291.0,214.0,818.0,46.57,38.69,1600.0,0.888
2.23606797749979,335.0,321.0,981.0,46.48,173.78,1580.62,0.913,308.0,322.0,979.0,48.86,52.3,1725.95,0.896
2.23606797749979,336.0,54.0,571.0,43.96,177.67,1433.22,0.904,303.0,56.0,570.0,45.94,36.95,1531.49,0.893
2.23606797749979,336.0,54.0,571.0,43.96,177.67,1433.22,0.904,591.0,56.0,570.0,46.61,39.69,1566.78,0.893
2.23606797749979,337.0,23.0,547.0,43.39,178.8,1395.16,0.906,313.0,24.0,545.0,45.89,38.04,1489.27,0.888
2.23606797749979,338.0,48.0,931.0,44.92,166.98,1483.04,0.893,324.0,49.0,929.0,47.53,42.18,1623.53,0.885
3.1622776601683795,339.0,371.0,919.0,48.68,178.42,1751.56,0.89,311.0,372.0,916.0,51.89,44.94,1930.8,0.885
2.23606797749979,340.0,219.0,537.0,43.8,183.42,1395.16,0.889,276.0,220.0,535.0,45.58,41.01,1519.72,0.894
1.4142135623730951,340.0,219.0,537.0,43.8,183.42,1395.16,0.889,613.0,220.0,536.0,46.8,40.85,1589.62,0.886
2.8284271247461903,341.0,139.0,517.0,44.18,178.54,1446.37,0.903,305.0,141.0,515.0,46.94,43.45,1567.47,0.885
2.23606797749979,342.0,30.0,507.0,46.44,175.26,1582.7,0.894,314.0,31.0,505.0,48.29,41.01,1668.51,0.885
1.4142135623730951,342.0,30.0,507.0,46.44,175.26,1582.7,0.894,621.0,31.0,506.0,50.25,39.99,1755.71,0.871
1.4142135623730951,344.0,241.0,472.0,44.16,183.07,1430.45,0.89,259.0,242.0,471.0,46.11,42.3,1548.1,0.89
1.4142135623730951,344.0,241.0,472.0,44.16,183.07,1430.45,0.89,603.0,242.0,471.0,47.27,42.99,1615.22,0.876
2.23606797749979,345.0,271.0,762.0,45.52,180.26,1519.72,0.894,298.0,272.0,760.0,47.09,41.48,1634.6,0.891
3.1622776601683795,348.0,338.0,849.0,44.91,180.93,1493.43,0.89,251.0,339.0,846.0,47.44,40.86,1655.36,0.886
1.4142135623730951,349.0,105.0,437.0,51.1,172.33,1924.57,0.901,293.0,106.0,436.0,52.63,49.2,2000.69,0.889
3.1622776601683795,350.0,99.0,691.0,43.84,176.91,1420.76,0.896,277.0,100.0,688.0,45.76,34.97,1543.94,0.9
2.23606797749979,351.0,376.0,712.0,44.38,184.68,1450.52,0.894,300.0,377.0,710.0,46.69,42.6,1559.17,0.88
3.0,354.0,159.0,970.0,49.22,166.1,1777.85,0.877,306.0,159.0,967.0,51.7,48.66,1913.49,0.88
2.23606797749979,356.0,232.0,953.0,35.67,183.08,937.72,0.911,332.0,233.0,951.0,37.67,43.99,1004.15,0.885
2.23606797749979,361.0,203.0,929.0,48.38,172.17,1737.02,0.902,329.0,204.0,927.0,51.18,46.3,1908.65,0.901
2.23606797749979,361.0,203.0,929.0,48.38,172.17,1737.02,0.902,372.0,204.0,927.0,52.3,48.26,1963.32,0.862
2.0,363.0,303.0,738.0,43.78,183.37,1417.99,0.894,312.0,303.0,736.0,45.91,41.86,1503.81,0.893
2.0,364.0,190.0,413.0,44.5,182.04,1445.67,0.882,279.0,190.0,411.0,46.12,46.9,1539.79,0.893
1.4142135623730951,364.0,190.0,413.0,44.5,182.04,1445.67,0.882,625.0,191.0,412.0,46.98,46.18,1599.31,0.898
1.4142135623730951,365.0,48.0,849.0,48.32,173.05,1686.51,0.906,273.0,49.0,848.0,50.03,36.57,1788.24,0.901
2.23606797749979,366.0,85.0,950.0,48.01,166.11,1684.43,0.902,315.0,86.0,948.0,51.14,43.4,1874.74,0.888
4.242640687119285,367.0,187.0,644.0,43.43,179.31,1407.61,0.896,288.0,190.0,641.0,46.1,36.14,1563.32,0.899
3.1622776601683795,368.0,267.0,958.0,44.41,171.91,1451.9,0.907,328.0,268.0,955.0,46.71,48.81,1575.78,0.89
2.23606797749979,373.0,333.0,904.0,42.89,184.26,1350.87,0.903,320.0,334.0,902.0,45.42,41.17,1473.36,0.875
2.0,377.0,282.0,996.0,49.08,169.58,1772.32,0.89,331.0,282.0,994.0,50.97,56.45,1896.89,0.888
3.1622776601683795,378.0,358.0,998.0,44.99,175.12,1477.51,0.873,325.0,359.0,995.0,47.28,52.87,1591.7,0.907
2.23606797749979,380.0,55.0,792.0,90.84,154.26,6240.83,0.897,299.0,56.0,790.0,90.5,56.95,6117.65,0.897
2.23606797749979,380.0,55.0,792.0,90.84,154.26,6240.83,0.897,333.0,56.0,790.0,91.56,55.36,6206.23,0.89
2.23606797749979,383.0,9.0,975.0,18.76,192.87,238.75,0.895,379.0,11.0,974.0,18.45,32.06,209.69,0.885
1.0,384.0,546.0,537.0,43.22,187.82,1356.4,0.906,121.0,546.0,536.0,43.84,42.47,1383.39,0.885
2.23606797749979,385.0,30.0,507.0,47.04,176.08,1652.6,0.885,314.0,31.0,505.0,48.29,41.01,1668.51,0.885
1.4142135623730951,385.0,30.0,507.0,47.04,176.08,1652.6,0.885,621.0,31.0,506.0,50.25,39.99,1755.71,0.871
2.23606797749979,388.0,267.0,397.0,48.85,181.6,1662.28,0.853,278.0,269.0,396.0,51.08,46.06,1880.97,0.883
2.23606797749979,389.0,271.0,762.0,45.98,181.68,1566.78,0.893,298.0,272.0,760.0,47.09,41.48,1634.6,0.891
1.4142135623730951,391.0,692.0,94.0,48.57,183.75,1728.72,0.887,456.0,693.0,93.0,51.06,37.59,1908.65,0.89
1.4142135623730951,391.0,692.0,94.0,48.57,183.75,1728.72,0.887,615.0,693.0,93.0,51.48,37.21,1951.56,0.895
1.0,392.0,965.0,228.0,43.83,185.1,1404.15,0.903,394.0,965.0,227.0,46.85,37.87,1591.7,0.895
1.0,393.0,975.0,70.0,46.54,178.92,1582.7,0.882,457.0,975.0,69.0,48.1,35.52,1692.04,0.903
1.4142135623730951,394.0,468.0,88.0,45.41,183.13,1528.72,0.903,442.0,469.0,87.0,47.64,38.1,1631.14,0.904
1.4142135623730951,394.0,468.0,88.0,45.41,183.13,1528.72,0.903,470.0,469.0,87.0,48.44,37.96,1669.2,0.894
1.0,394.0,468.0,88.0,45.41,183.13,1528.72,0.903,521.0,469.0,88.0,48.98,37.23,1670.59,0.906
1.0,396.0,396.0,25.0,44.1,180.49,1447.06,0.913,455.0,396.0,24.0,46.37,43.13,1574.39,0.889
1.0,397.0,719.0,126.0,46.45,185.25,1582.01,0.89,440.0,720.0,126.0,48.83,36.58,1731.49,0.888
1.0,397.0,719.0,126.0,46.45,185.25,1582.01,0.89,650.0,720.0,126.0,49.15,38.28,1773.7,0.865
2.0,399.0,824.0,177.0,45.88,184.4,1556.4,0.895,417.0,824.0,175.0,48.36,37.69,1694.12,0.88
2.8284271247461903,400.0,758.0,228.0,44.54,185.27,1460.21,0.887,436.0,760.0,226.0,46.63,37.71,1584.78,0.891
2.8284271247461903,401.0,868.0,357.0,45.11,187.0,1506.57,0.907,450.0,870.0,355.0,47.67,42.81,1639.45,0.897
1.0,405.0,818.0,218.0,48.01,182.63,1703.11,0.904,388.0,818.0,217.0,50.26,39.66,1838.06,0.878
1.0,406.0,810.0,134.0,55.45,176.0,2287.2,0.888,424.0,810.0,133.0,57.53,41.77,2438.75,0.883
1.0,406.0,810.0,134.0,55.45,176.0,2287.2,0.888,638.0,810.0,133.0,58.08,40.86,2487.2,0.878
1.4142135623730951,407.0,588.0,173.0,41.11,189.4,1244.98,0.896,419.0,589.0,172.0,43.42,35.19,1364.01,0.902
1.0,408.0,389.0,287.0,46.19,181.04,1586.16,0.904,411.0,389.0,286.0,48.15,34.92,1712.11,0.878
1.0,408.0,389.0,287.0,46.19,181.04,1586.16,0.904,520.0,389.0,286.0,48.06,33.59,1604.15,0.876
1.4142135623730951,409.0,673.0,247.0,61.54,172.68,2825.61,0.894,403.0,674.0,246.0,62.52,47.83,2906.57,0.892
1.0,410.0,758.0,349.0,44.6,188.75,1472.66,0.895,391.0,758.0,348.0,47.36,41.71,1630.45,0.889
2.0,411.0,536.0,353.0,46.48,185.41,1599.31,0.903,408.0,536.0,351.0,48.21,40.14,1674.74,0.881
2.8284271247461903,413.0,829.0,366.0,43.06,189.83,1364.71,0.881,432.0,831.0,364.0,45.3,41.99,1472.66,0.883
3.1622776601683795,414.0,915.0,345.0,47.16,183.6,1643.6,0.899,397.0,916.0,342.0,49.9,42.84,1829.07,0.881
1.4142135623730951,417.0,546.0,232.0,45.59,186.5,1528.72,0.903,460.0,547.0,231.0,47.39,37.2,1604.84,0.89
0.0,418.0,949.0,107.0,56.15,171.54,2352.25,0.903,384.0,949.0,107.0,58.56,40.35,2548.1,0.89
1.0,418.0,949.0,107.0,56.15,171.54,2352.25,0.903,527.0,949.0,106.0,58.51,39.08,2558.48,0.888
2.8284271247461903,419.0,738.0,280.0,43.97,187.37,1424.22,0.907,396.0,740.0,278.0,46.05,38.36,1564.71,0.9
1.4142135623730951,420.0,514.0,205.0,45.97,185.36,1545.33,0.913,447.0,515.0,204.0,47.72,36.04,1625.61,0.89
1.4142135623730951,421.0,575.0,295.0,43.59,189.71,1383.39,0.89,435.0,576.0,294.0,45.6,37.69,1516.26,0.896
2.0,422.0,857.0,243.0,45.57,184.32,1538.41,0.897,387.0,857.0,241.0,47.89,38.05,1713.49,0.89
1.0,425.0,720.0,360.0,42.91,190.81,1341.87,0.9,422.0,720.0,359.0,44.61,41.16,1422.15,0.88
1.0,425.0,720.0,360.0,42.91,190.81,1341.87,0.9,630.0,720.0,359.0,47.66,41.21,1538.41,0.864
1.0,426.0,903.0,92.0,44.77,182.21,1466.44,0.895,438.0,903.0,91.0,46.19,34.71,1584.08,0.894
2.23606797749979,427.0,860.0,124.0,48.43,178.83,1721.8,0.894,395.0,862.0,123.0,50.53,36.82,1865.05,0.898
3.1622776601683795,428.0,919.0,299.0,45.4,184.18,1531.49,0.881,454.0,920.0,296.0,48.28,40.69,1694.81,0.877
1.0,429.0,675.0,23.0,38.85,194.08,1109.34,0.891,464.0,675.0,22.0,41.71,30.98,1276.12,0.896
2.0,430.0,523.0,313.0,46.29,185.0,1587.54,0.905,405.0,523.0,311.0,48.11,37.28,1710.03,0.885
2.23606797749979,432.0,382.0,107.0,44.26,185.82,1420.07,0.887,425.0,383.0,105.0,45.48,33.5,1539.79,0.897
1.0,433.0,666.0,325.0,48.36,185.37,1726.64,0.905,402.0,666.0,324.0,50.89,42.65,1918.34,0.89
2.23606797749979,434.0,720.0,244.0,48.59,183.47,1742.56,0.894,393.0,721.0,242.0,50.35,41.0,1848.44,0.897
3.1622776601683795,434.0,720.0,244.0,48.59,183.47,1742.56,0.894,523.0,721.0,241.0,49.13,40.38,1665.74,0.868
1.0,435.0,765.0,58.0,43.86,187.12,1419.38,0.883,385.0,765.0,57.0,47.04,33.32,1608.3,0.905
1.4142135623730951,436.0,475.0,131.0,46.86,184.08,1632.53,0.893,420.0,476.0,130.0,48.82,35.0,1729.41,0.879
1.0,437.0,841.0,84.0,48.05,181.49,1699.65,0.894,423.0,841.0,83.0,50.9,36.25,1892.04,0.878
1.0,437.0,841.0,84.0,48.05,181.49,1699.65,0.894,636.0,841.0,83.0,51.17,37.36,1933.56,0.882
1.0,440.0,515.0,120.0,46.04,184.03,1557.09,0.882,400.0,515.0,119.0,47.64,34.85,1648.44,0.894
1.0,441.0,444.0,336.0,48.72,180.13,1745.33,0.906,389.0,444.0,335.0,50.38,37.26,1867.82,0.884
1.0,441.0,444.0,336.0,48.72,180.13,1745.33,0.906,652.0,445.0,336.0,48.51,36.38,1604.84,0.83
2.23606797749979,442.0,453.0,297.0,41.22,186.43,1249.13,0.899,462.0,454.0,295.0,43.09,33.82,1346.71,0.9
2.23606797749979,443.0,708.0,56.0,43.27,187.13,1402.08,0.893,443.0,710.0,55.0,45.82,34.08,1537.02,0.896
2.23606797749979,445.0,553.0,191.0,47.36,184.02,1666.44,0.892,466.0,554.0,189.0,48.84,29.85,1687.89,0.884
2.23606797749979,445.0,553.0,191.0,47.36,184.02,1666.44,0.892,525.0,554.0,189.0,50.78,33.78,1793.08,0.859
2.0,447.0,458.0,374.0,41.17,188.97,1224.22,0.894,439.0,458.0,372.0,42.87,35.52,1278.89,0.885
1.4142135623730951,448.0,925.0,253.0,48.2,180.24,1722.49,0.891,386.0,926.0,252.0,50.82,40.84,1891.35,0.896
2.23606797749979,448.0,925.0,253.0,48.2,180.24,1722.49,0.891,519.0,927.0,252.0,51.82,40.01,1950.17,0.869
1.0,449.0,571.0,334.0,43.77,187.51,1407.61,0.879,426.0,571.0,333.0,45.82,37.58,1516.96,0.892
2.23606797749979,454.0,801.0,338.0,46.45,184.59,1602.08,0.905,431.0,802.0,336.0,48.3,42.58,1694.81,0.893
1.0,455.0,771.0,309.0,48.24,184.62,1733.56,0.897,413.0,771.0,308.0,49.78,43.92,1784.78,0.885
1.0,457.0,774.0,157.0,38.5,193.28,1096.19,0.904,467.0,774.0,156.0,41.11,33.41,1211.07,0.881
1.0,458.0,478.0,174.0,43.47,187.07,1393.77,0.9,453.0,478.0,173.0,45.41,33.34,1496.89,0.896
1.0,459.0,429.0,96.0,44.78,182.82,1483.74,0.885,437.0,429.0,95.0,46.25,35.67,1570.24,0.898
1.4142135623730951,461.0,556.0,149.0,46.88,183.67,1619.38,0.894,446.0,557.0,148.0,48.3,37.56,1690.66,0.875
1.0,462.0,626.0,210.0,48.24,183.45,1714.19,0.898,407.0,626.0,209.0,50.26,39.66,1830.45,0.888
1.4142135623730951,463.0,559.0,26.0,42.55,189.34,1323.88,0.906,463.0,560.0,25.0,44.81,34.78,1462.98,0.901
0.0,464.0,689.0,168.0,48.22,181.4,1712.8,0.909,392.0,689.0,168.0,50.15,37.81,1862.98,0.89
1.0,466.0,508.0,245.0,43.88,188.6,1422.84,0.906,421.0,508.0,244.0,46.36,35.45,1548.1,0.867
1.4142135623730951,467.0,586.0,258.0,43.47,188.62,1393.08,0.903,416.0,587.0,257.0,45.71,38.02,1495.5,0.895
1.4142135623730951,467.0,586.0,258.0,43.47,188.62,1393.08,0.903,524.0,587.0,257.0,46.03,38.81,1537.02,0.891
1.0,468.0,626.0,252.0,45.61,186.7,1533.56,0.885,412.0,626.0,251.0,47.72,39.34,1645.67,0.892
1.0,468.0,626.0,252.0,45.61,186.7,1533.56,0.885,526.0,626.0,251.0,48.38,39.99,1689.97,0.889
1.0,469.0,957.0,313.0,42.09,188.13,1304.5,0.893,441.0,956.0,313.0,45.57,38.54,1503.11,0.884
1.4142135623730951,469.0,957.0,313.0,42.09,188.13,1304.5,0.893,616.0,956.0,312.0,46.84,40.41,1566.78,0.865
0.0,472.0,517.0,162.0,47.51,183.03,1669.9,0.886,406.0,517.0,162.0,49.59,36.56,1748.1,0.866
0.0,472.0,517.0,162.0,47.51,183.03,1669.9,0.886,607.0,517.0,162.0,50.2,35.76,1804.84,0.894
2.23606797749979,473.0,425.0,275.0,38.74,190.97,1102.42,0.885,465.0,426.0,273.0,40.98,31.23,1208.3,0.897
1.4142135623730951,476.0,475.0,219.0,45.42,186.81,1501.73,0.895,410.0,476.0,218.0,47.96,34.66,1658.13,0.904
1.0,477.0,542.0,273.0,47.78,184.26,1692.04,0.914,398.0,542.0,272.0,50.11,37.72,1815.22,0.885
1.0,477.0,542.0,273.0,47.78,184.26,1692.04,0.914,515.0,542.0,272.0,51.29,37.66,1885.12,0.879
2.0,479.0,993.0,33.0,46.28,175.42,1570.93,0.895,427.0,993.0,31.0,48.1,33.09,1707.27,0.883
2.0,481.0,495.0,362.0,46.93,181.18,1632.53,0.893,409.0,495.0,360.0,48.96,38.25,1730.1,0.883
2.0,481.0,495.0,362.0,46.93,181.18,1632.53,0.893,522.0,495.0,360.0,47.9,38.13,1635.99,0.882
3.1622776601683795,481.0,495.0,362.0,46.93,181.18,1632.53,0.893,612.0,498.0,361.0,47.16,37.73,1336.33,0.796
1.0,482.0,649.0,287.0,44.01,187.91,1441.52,0.885,434.0,649.0,286.0,46.19,38.93,1550.87,0.892
2.8284271247461903,483.0,692.0,292.0,46.04,186.05,1560.55,0.898,415.0,694.0,290.0,48.08,40.05,1701.73,0.88
1.0,487.0,975.0,188.0,43.83,184.52,1406.92,0.905,418.0,975.0,187.0,46.44,36.97,1573.7,0.874
1.0,488.0,682.0,364.0,44.23,188.99,1432.53,0.895,399.0,682.0,363.0,46.12,41.75,1519.72,0.877
1.4142135623730951,490.0,437.0,49.0,43.61,181.53,1385.47,0.895,445.0,438.0,48.0,45.42,40.43,1478.89,0.902
1.4142135623730951,490.0,437.0,49.0,43.61,181.53,1385.47,0.895,516.0,438.0,48.0,45.82,42.53,1513.49,0.894
1.4142135623730951,491.0,996.0,253.0,45.59,182.34,1501.73,0.895,448.0,997.0,252.0,47.32,39.25,1624.91,0.886
1.0,493.0,797.0,264.0,71.94,167.61,3788.24,0.886,401.0,797.0,263.0,70.92,53.5,3770.93,0.895
1.4142135623730951,495.0,398.0,206.0,44.15,187.1,1443.6,0.889,459.0,399.0,205.0,46.76,33.44,1548.79,0.894
2.0,496.0,593.0,91.0,56.3,173.84,2350.17,0.895,390.0,593.0,89.0,57.55,40.76,2418.69,0.891
1.0,496.0,593.0,91.0,56.3,173.84,2350.17,0.895,645.0,593.0,90.0,57.52,39.9,2444.29,0.885
1.4142135623730951,497.0,585.0,218.0,45.74,185.77,1552.94,0.897,452.0,586.0,217.0,47.96,38.64,1658.13,0.899
2.23606797749979,498.0,882.0,318.0,46.31,184.71,1591.0,0.887,449.0,883.0,316.0,48.94,42.39,1750.17,0.894
2.0,502.0,994.0,293.0,42.91,186.62,1351.56,0.912,428.0,996.0,293.0,45.78,38.74,1539.79,0.897
2.23606797749979,502.0,994.0,293.0,42.91,186.62,1351.56,0.912,640.0,996.0,292.0,46.75,38.92,1593.77,0.888
1.0,503.0,641.0,165.0,58.98,173.29,2607.61,0.898,429.0,641.0,164.0,60.37,43.78,2711.42,0.889
1.0,503.0,641.0,165.0,58.98,173.29,2607.61,0.898,637.0,641.0,164.0,60.78,41.44,2626.3,0.864
1.0,505.0,924.0,61.0,39.33,187.8,1094.12,0.893,468.0,925.0,61.0,40.11,33.45,1020.07,0.836
1.4142135623730951,506.0,552.0,108.0,43.86,186.18,1404.15,0.873,451.0,553.0,107.0,45.37,34.96,1473.36,0.882
1.0,507.0,929.0,210.0,43.61,185.64,1409.69,0.889,414.0,929.0,209.0,46.84,37.91,1593.77,0.888
2.23606797749979,510.0,628.0,116.0,43.55,187.63,1380.62,0.883,433.0,630.0,115.0,46.04,35.66,1531.49,0.893
2.23606797749979,511.0,887.0,55.0,43.72,187.46,1386.16,0.904,469.0,885.0,56.0,44.12,35.44,1310.73,0.863
1.4142135623730951,512.0,519.0,35.0,46.59,181.14,1595.85,0.881,458.0,520.0,34.0,48.66,40.38,1752.25,0.877
1.4142135623730951,513.0,594.0,135.0,43.48,185.94,1404.15,0.886,444.0,595.0,134.0,45.57,36.33,1496.89,0.884
2.0,516.0,406.0,167.0,44.18,186.39,1427.68,0.888,461.0,408.0,167.0,45.61,32.78,1525.95,0.878
1.4142135623730951,518.0,434.0,138.0,46.03,182.29,1530.1,0.904,430.0,435.0,137.0,47.57,33.39,1619.38,0.883
1.0,519.0,682.0,364.0,45.2,189.47,1483.04,0.888,399.0,682.0,363.0,46.12,41.75,1519.72,0.877
2.23606797749979,523.0,887.0,55.0,45.49,184.73,1448.44,0.872,469.0,885.0,56.0,44.12,35.44,1310.73,0.863
1.0,525.0,166.0,137.0,49.26,176.12,1778.55,0.885,535.0,166.0,136.0,50.72,29.27,1888.58,0.884
1.4142135623730951,527.0,324.0,205.0,43.89,185.09,1427.68,0.9,544.0,325.0,204.0,46.09,33.1,1536.33,0.892
1.4142135623730951,528.0,339.0,44.0,46.38,179.09,1596.54,0.901,555.0,340.0,43.0,48.35,42.01,1702.42,0.9
1.0,531.0,176.0,97.0,44.72,180.89,1441.52,0.909,545.0,176.0,96.0,45.83,27.59,1512.11,0.898
2.23606797749979,532.0,165.0,219.0,45.48,180.25,1518.34,0.905,546.0,166.0,217.0,47.36,37.61,1615.92,0.896
1.4142135623730951,532.0,165.0,219.0,45.48,180.25,1518.34,0.905,619.0,166.0,218.0,48.74,38.61,1690.66,0.886
1.4142135623730951,533.0,340.0,87.0,44.52,181.5,1471.28,0.877,552.0,341.0,86.0,46.5,35.74,1585.47,0.895
1.4142135623730951,536.0,298.0,127.0,46.68,180.2,1613.84,0.891,547.0,299.0,126.0,47.62,31.73,1627.68,0.883
1.4142135623730951,539.0,188.0,262.0,44.7,181.74,1471.97,0.886,538.0,189.0,261.0,46.08,42.67,1526.64,0.886
2.23606797749979,541.0,110.0,357.0,44.86,176.34,1481.66,0.904,529.0,111.0,355.0,46.55,45.78,1584.78,0.903
1.0,543.0,148.0,367.0,44.28,179.18,1433.22,0.892,558.0,148.0,366.0,45.71,46.9,1492.04,0.873
1.4142135623730951,544.0,227.0,64.0,44.76,179.57,1447.06,0.895,557.0,228.0,63.0,46.43,33.09,1556.4,0.879
2.23606797749979,546.0,305.0,169.0,49.04,179.66,1741.87,0.913,553.0,306.0,167.0,50.37,33.25,1853.98,0.893
2.23606797749979,546.0,305.0,169.0,49.04,179.66,1741.87,0.913,592.0,306.0,167.0,50.73,32.76,1892.04,0.893
1.0,547.0,126.0,214.0,43.92,180.23,1435.29,0.896,531.0,126.0,213.0,46.53,35.48,1550.87,0.892
1.4142135623730951,548.0,230.0,376.0,48.3,179.89,1721.11,0.89,569.0,231.0,375.0,49.17,47.85,1761.94,0.899
1.4142135623730951,548.0,230.0,376.0,48.3,179.89,1721.11,0.89,628.0,231.0,375.0,50.57,47.04,1815.22,0.891
2.23606797749979,549.0,296.0,233.0,44.04,185.04,1423.53,0.898,560.0,297.0,231.0,45.86,36.72,1510.73,0.902
1.4142135623730951,550.0,82.0,276.0,45.71,176.42,1544.64,0.904,548.0,83.0,275.0,47.46,40.47,1653.98,0.885
1.4142135623730951,551.0,208.0,297.0,45.46,181.55,1516.96,0.905,570.0,209.0,296.0,46.81,45.04,1558.48,0.9
1.4142135623730951,551.0,208.0,297.0,45.46,181.55,1516.96,0.905,644.0,209.0,296.0,48.0,44.16,1651.9,0.888
1.4142135623730951,552.0,320.0,320.0,42.63,186.56,1331.49,0.884,562.0,321.0,319.0,45.29,36.45,1485.81,0.907
1.4142135623730951,553.0,181.0,329.0,49.17,177.45,1786.85,0.889,565.0,182.0,328.0,51.56,48.4,1915.57,0.889
1.4142135623730951,553.0,181.0,329.0,49.17,177.45,1786.85,0.889,611.0,182.0,328.0,52.73,48.08,1973.7,0.88
1.4142135623730951,554.0,140.0,324.0,43.79,180.91,1420.76,0.896,568.0,141.0,323.0,46.18,45.45,1534.95,0.886
1.4142135623730951,555.0,66.0,187.0,47.39,171.04,1667.13,0.901,533.0,67.0,186.0,49.22,29.76,1780.62,0.894
2.23606797749979,555.0,66.0,187.0,47.39,171.04,1667.13,0.901,602.0,67.0,185.0,50.52,27.65,1829.76,0.9
1.4142135623730951,561.0,254.0,124.0,44.5,181.76,1449.83,0.873,542.0,255.0,123.0,46.01,29.18,1548.79,0.894
1.4142135623730951,562.0,231.0,334.0,48.65,179.37,1746.02,0.899,563.0,232.0,333.0,50.34,46.62,1853.29,0.885
1.4142135623730951,565.0,45.0,260.0,44.56,175.63,1464.36,0.902,532.0,46.0,259.0,46.2,37.18,1551.56,0.884
2.8284271247461903,567.0,268.0,261.0,45.42,183.26,1528.03,0.899,549.0,270.0,259.0,47.41,40.68,1599.31,0.891
1.4142135623730951,569.0,302.0,62.0,46.67,175.79,1605.54,0.887,539.0,303.0,61.0,48.47,36.43,1710.03,0.907
1.4142135623730951,570.0,188.0,371.0,48.92,177.52,1767.47,0.891,559.0,189.0,370.0,50.53,49.68,1824.91,0.896
1.0,571.0,339.0,127.0,45.34,182.42,1494.12,0.899,561.0,340.0,127.0,46.97,31.16,1604.84,0.894
1.4142135623730951,572.0,281.0,318.0,42.97,185.89,1361.94,0.88,564.0,282.0,317.0,45.09,40.79,1489.97,0.897
1.4142135623730951,576.0,332.0,253.0,48.68,179.93,1743.25,0.891,540.0,333.0,252.0,50.93,37.45,1896.19,0.884
1.0,580.0,187.0,57.0,46.44,176.63,1577.85,0.887,550.0,187.0,56.0,48.6,32.4,1663.67,0.879
1.4142135623730951,581.0,149.0,39.0,46.54,174.73,1581.31,0.893,537.0,150.0,38.0,48.43,30.19,1708.65,0.895
1.0,582.0,364.0,186.0,44.04,184.85,1435.99,0.906,556.0,364.0,185.0,46.15,31.69,1551.56,0.884
1.4142135623730951,587.0,249.0,296.0,45.38,182.46,1533.56,0.902,571.0,250.0,295.0,47.07,43.87,1563.32,0.883
1.4142135623730951,589.0,212.0,26.0,44.16,177.77,1432.53,0.895,566.0,213.0,25.0,45.42,35.7,1486.51,0.891
1.0,590.0,365.0,227.0,44.39,184.34,1438.75,0.878,541.0,366.0,227.0,45.83,33.38,1529.41,0.888
1.0,593.0,258.0,164.0,43.78,184.85,1422.84,0.919,534.0,258.0,163.0,45.87,30.39,1549.48,0.891
1.0,593.0,258.0,164.0,43.78,184.85,1422.84,0.919,601.0,258.0,163.0,46.58,29.82,1590.31,0.878
1.4142135623730951,595.0,228.0,259.0,45.09,181.99,1489.97,0.897,554.0,229.0,258.0,46.56,41.39,1585.47,0.895
2.8284271247461903,596.0,206.0,224.0,48.57,178.69,1696.19,0.873,551.0,208.0,222.0,50.18,40.17,1826.3,0.886
1.4142135623730951,598.0,161.0,290.0,44.3,181.55,1431.14,0.894,567.0,162.0,289.0,45.88,43.93,1538.41,0.902
1.4142135623730951,599.0,298.0,127.0,47.84,181.29,1671.28,0.876,547.0,299.0,126.0,47.62,31.73,1627.68,0.883
1.4142135623730951,600.0,147.0,367.0,44.59,180.84,1486.51,0.886,558.0,148.0,366.0,45.71,46.9,1492.04,0.873
2.23606797749979,602.0,248.0,296.0,46.83,180.56,1616.61,0.893,571.0,250.0,295.0,47.07,43.87,1563.32,0.883
1.4142135623730951,603.0,365.0,228.0,47.59,185.12,1521.11,0.872,541.0,366.0,227.0,45.83,33.38,1529.41,0.888
3.0,604.0,159.0,970.0,50.94,166.06,1880.28,0.89,306.0,159.0,967.0,51.7,48.66,1913.49,0.88
2.23606797749979,605.0,230.0,705.0,48.51,177.99,1738.41,0.892,296.0,231.0,703.0,49.63,39.85,1796.54,0.894
3.0,607.0,891.0,901.0,48.47,175.9,1670.59,0.883,115.0,891.0,898.0,48.29,44.27,1648.44,0.883
2.0,610.0,111.0,616.0,45.54,177.99,1514.19,0.891,262.0,111.0,614.0,46.09,34.37,1562.63,0.902
2.0,610.0,111.0,616.0,45.54,177.99,1514.19,0.891,646.0,111.0,614.0,47.49,35.75,1606.92,0.899
3.0,611.0,522.0,662.0,60.45,175.72,2727.34,0.883,67.0,522.0,659.0,60.56,53.64,2729.41,0.878
2.0,613.0,516.0,833.0,49.56,179.81,1772.32,0.89,16.0,516.0,831.0,51.11,45.5,1892.73,0.886
2.23606797749979,614.0,422.0,631.0,48.68,181.9,1723.88,0.892,139.0,423.0,629.0,48.96,45.74,1728.72,0.876
2.23606797749979,617.0,478.0,857.0,48.11,180.1,1709.34,0.888,60.0,479.0,855.0,49.62,42.73,1815.22,0.907
3.0,619.0,672.0,791.0,56.75,176.02,2381.31,0.891,70.0,672.0,788.0,57.2,50.7,2417.3,0.891
3.605551275463989,620.0,74.0,657.0,50.06,174.26,1814.53,0.877,282.0,76.0,654.0,50.22,36.56,1869.9,0.893
2.0,621.0,471.0,645.0,47.24,187.18,1636.68,0.884,133.0,471.0,643.0,47.74,45.39,1654.67,0.878
1.0,621.0,471.0,645.0,47.24,187.18,1636.68,0.884,634.0,471.0,644.0,48.13,46.32,1695.5,0.896
2.23606797749979,622.0,132.0,474.0,56.08,170.67,2287.89,0.891,263.0,133.0,472.0,56.29,51.09,2303.11,0.887
1.4142135623730951,626.0,468.0,88.0,46.55,184.65,1585.47,0.895,442.0,469.0,87.0,47.64,38.1,1631.14,0.904
1.4142135623730951,626.0,468.0,88.0,46.55,184.65,1585.47,0.895,470.0,469.0,87.0,48.44,37.96,1669.2,0.894
1.0,626.0,468.0,88.0,46.55,184.65,1585.47,0.895,521.0,469.0,88.0,48.98,37.23,1670.59,0.906
1.4142135623730951,629.0,132.0,473.0,52.94,174.85,1985.47,0.864,263.0,133.0,472.0,56.29,51.09,2303.11,0.887
1.4142135623730951,630.0,796.0,264.0,72.89,172.31,3909.34,0.884,401.0,797.0,263.0,70.92,53.5,3770.93,0.895
2.8284271247461903,631.0,650.0,583.0,52.61,180.13,1853.98,0.863,34.0,652.0,581.0,50.23,47.54,1822.84,0.892
3.605551275463989,631.0,650.0,583.0,52.61,180.13,1853.98,0.863,631.0,652.0,580.0,52.61,46.35,1946.71,0.885
