Center_X_px,Center_Y_px,Diameter_μm,slide
54.0,493.0,212.24,z_1
236.0,206.0,88.29,z_14
313.0,313.0,67.48,z_12
162.0,64.0,67.32,z_14
255.0,71.0,64.22,z_10
345.0,202.0,62.67,z_10
188.0,164.0,62.19,z_11
430.0,492.0,61.72,z_1
120.0,328.0,61.33,z_14
472.0,381.0,61.33,z_14
378.0,201.0,60.91,z_4
39.0,285.0,60.7,z_14
325.0,88.0,58.58,z_15
322.0,343.0,58.44,z_7
359.0,54.0,57.44,z_13
294.0,337.0,57.28,z_8
493.0,415.0,56.7,z_15
171.0,328.0,56.68,z_15
447.0,278.0,56.67,z_12
258.0,268.0,56.67,z_0
382.0,121.0,56.51,z_15
59.0,370.0,56.1,z_15
216.0,157.0,55.77,z_10
17.0,77.0,55.63,z_14
102.0,351.0,55.55,z_10
417.0,75.0,55.42,z_15
439.0,334.0,54.65,z_15
342.0,152.0,54.52,z_13
316.0,71.0,54.17,z_10
476.0,156.0,53.99,z_13
468.0,261.0,53.69,z_15
266.0,480.0,53.6,z_11
484.0,240.0,53.24,z_15
332.0,233.0,53.12,z_14
305.0,172.0,53.07,z_11
172.0,125.0,52.71,z_4
228.0,63.0,52.66,z_14
383.0,251.0,52.61,z_15
473.0,182.0,52.36,z_9
387.0,298.0,52.26,z_12
46.0,470.0,51.9,z_9
370.0,429.0,51.72,z_13
375.0,95.0,51.62,z_15
194.0,313.0,51.45,z_15
37.0,84.0,51.24,z_0
147.0,17.0,50.93,z_10
260.0,136.0,50.69,z_1
216.0,312.0,50.2,z_15
310.0,368.0,50.11,z_13
237.0,295.0,50.02,z_14
363.0,290.0,49.82,z_15
158.0,108.0,49.57,z_9
420.0,196.0,49.39,z_14
352.0,176.0,49.22,z_14
467.0,60.0,49.19,z_14
425.0,122.0,48.69,z_12
424.0,288.0,48.64,z_0
132.0,257.0,48.64,z_13
292.0,70.0,48.35,z_15
40.0,97.0,48.11,z_15
15.0,323.0,48.1,z_12
317.0,498.0,47.96,z_2
498.0,144.0,47.95,z_14
140.0,84.0,47.79,z_15
248.0,401.0,47.74,z_11
112.0,122.0,47.65,z_9
214.0,239.0,47.55,z_14
377.0,71.0,47.45,z_15
95.0,101.0,47.44,z_15
165.0,37.0,47.4,z_10
400.0,310.0,47.36,z_5
139.0,411.0,47.3,z_15
264.0,45.0,47.03,z_15
378.0,321.0,46.95,z_13
182.0,440.0,46.95,z_13
449.0,123.0,46.89,z_14
383.0,221.0,46.82,z_12
391.0,145.0,46.73,z_15
336.0,448.0,46.63,z_14
173.0,225.0,46.63,z_14
423.0,273.0,46.6,z_12
452.0,99.0,46.59,z_15
194.0,488.0,46.34,z_15
489.0,54.0,46.32,z_13
60.0,19.0,46.25,z_14
418.0,232.0,45.93,z_0
363.0,196.0,45.91,z_14
12.0,208.0,45.88,z_14
117.0,93.0,45.87,z_11
456.0,318.0,45.79,z_13
356.0,81.0,45.72,z_15
308.0,108.0,45.64,z_15
344.0,469.0,45.56,z_14
400.0,379.0,45.51,z_13
353.0,490.0,45.5,z_14
316.0,439.0,45.5,z_14
178.0,201.0,45.19,z_15
62.0,146.0,45.14,z_14
205.0,46.0,45.09,z_15
466.0,281.0,45.07,z_0
181.0,20.0,45.07,z_15
415.0,302.0,44.98,z_13
467.0,205.0,44.97,z_14
70.0,468.0,44.89,z_13
374.0,177.0,44.88,z_15
474.0,433.0,44.67,z_14
353.0,104.0,44.64,z_15
373.0,346.0,44.61,z_13
478.0,289.0,44.6,z_14
433.0,260.0,44.57,z_2
136.0,132.0,44.56,z_14
291.0,147.0,44.39,z_13
30.0,251.0,44.37,z_14
335.0,268.0,44.33,z_13
168.0,142.0,44.29,z_15
74.0,185.0,44.26,z_13
183.0,245.0,44.24,z_15
311.0,481.0,44.22,z_14
305.0,392.0,44.22,z_6
277.0,201.0,44.19,z_14
398.0,204.0,44.04,z_14
429.0,99.0,44.02,z_10
95.0,323.0,43.96,z_13
116.0,443.0,43.95,z_11
274.0,109.0,43.88,z_13
400.0,238.0,43.87,z_15
169.0,387.0,43.84,z_13
204.0,457.0,43.83,z_15
277.0,87.0,43.73,z_15
397.0,165.0,43.58,z_15
245.0,144.0,43.56,z_15
189.0,61.0,43.42,z_15
391.0,440.0,43.36,z_15
404.0,263.0,43.35,z_14
499.0,219.0,43.35,z_13
449.0,27.0,43.33,z_15
117.0,410.0,43.25,z_13
309.0,231.0,43.16,z_15
348.0,348.0,43.15,z_15
420.0,248.0,43.13,z_14
328.0,366.0,43.05,z_11
425.0,463.0,42.98,z_15
371.0,368.0,42.97,z_14
149.0,381.0,42.97,z_13
286.0,275.0,42.95,z_1
224.0,91.0,42.95,z_15
297.0,39.0,42.95,z_15
254.0,365.0,42.91,z_13
214.0,293.0,42.77,z_14
404.0,284.0,42.77,z_15
132.0,279.0,42.7,z_15
432.0,376.0,42.53,z_15
362.0,164.0,42.49,z_0
75.0,169.0,42.48,z_11
485.0,30.0,42.38,z_15
119.0,299.0,42.37,z_11
199.0,353.0,42.32,z_15
419.0,43.0,42.31,z_14
193.0,263.0,42.24,z_15
214.0,340.0,42.18,z_14
475.0,92.0,42.18,z_15
465.0,473.0,42.18,z_13
34.0,168.0,41.9,z_15
108.0,495.0,41.87,z_10
163.0,163.0,41.84,z_15
313.0,134.0,41.81,z_14
257.0,247.0,41.8,z_15
319.0,411.0,41.69,z_15
395.0,83.0,41.67,z_15
491.0,103.0,41.67,z_14
48.0,214.0,41.6,z_14
356.0,381.0,41.54,z_15
276.0,130.0,41.54,z_15
159.0,263.0,41.46,z_10
321.0,41.0,41.36,z_15
86.0,203.0,41.22,z_15
275.0,223.0,41.21,z_14
457.0,451.0,41.2,z_13
440.0,78.0,41.04,z_15
131.0,20.0,40.99,z_1
88.0,408.0,40.97,z_15
365.0,398.0,40.96,z_15
81.0,389.0,40.95,z_14
339.0,69.0,40.93,z_15
101.0,187.0,40.93,z_15
13.0,240.0,40.87,z_15
146.0,361.0,40.86,z_15
411.0,139.0,40.86,z_15
492.0,309.0,40.76,z_14
126.0,462.0,40.76,z_14
438.0,357.0,40.73,z_13
249.0,432.0,40.7,z_15
163.0,300.0,40.68,z_15
471.0,409.0,40.62,z_14
500.0,255.0,40.61,z_15
408.0,338.0,40.55,z_14
417.0,159.0,40.55,z_15
381.0,457.0,40.52,z_15
485.0,331.0,40.48,z_0
218.0,271.0,40.45,z_14
437.0,299.0,40.45,z_15
414.0,59.0,40.45,z_4
275.0,406.0,40.43,z_15
279.0,243.0,40.42,z_15
460.0,298.0,40.25,z_15
352.0,454.0,40.25,z_1
75.0,108.0,40.24,z_15
301.0,250.0,40.17,z_13
430.0,144.0,40.13,z_15
225.0,136.0,40.11,z_15
98.0,59.0,40.1,z_15
349.0,248.0,40.08,z_15
48.0,131.0,40.07,z_15
231.0,38.0,40.07,z_14
59.0,451.0,40.05,z_15
29.0,149.0,40.04,z_15
137.0,344.0,40.02,z_15
429.0,25.0,40.01,z_15
124.0,498.0,39.92,z_15
409.0,24.0,39.86,z_15
180.0,278.0,39.83,z_15
256.0,227.0,39.81,z_15
271.0,279.0,39.73,z_14
171.0,181.0,39.71,z_15
105.0,231.0,39.71,z_15
81.0,442.0,39.71,z_14
126.0,68.0,39.67,z_14
103.0,24.0,39.65,z_15
163.0,244.0,39.6,z_14
187.0,139.0,39.55,z_15
271.0,182.0,39.53,z_10
88.0,158.0,39.44,z_15
226.0,414.0,39.44,z_14
60.0,232.0,39.32,z_15
499.0,446.0,39.31,z_15
441.0,186.0,39.29,z_14
299.0,496.0,39.26,z_15
41.0,233.0,39.13,z_15
457.0,143.0,39.06,z_15
146.0,442.0,39.0,z_15
280.0,356.0,38.98,z_15
169.0,88.0,38.97,z_15
271.0,261.0,38.92,z_15
235.0,340.0,38.91,z_15
295.0,126.0,38.89,z_15
225.0,112.0,38.8,z_15
326.0,118.0,38.79,z_15
121.0,32.0,38.75,z_15
248.0,274.0,38.69,z_15
283.0,440.0,38.68,z_15
153.0,229.0,38.65,z_15
28.0,114.0,38.65,z_15
447.0,256.0,38.53,z_14
287.0,383.0,38.52,z_15
185.0,41.0,38.51,z_15
395.0,37.0,38.49,z_15
90.0,474.0,38.48,z_14
101.0,422.0,38.47,z_14
448.0,483.0,38.45,z_15
84.0,71.0,38.44,z_15
200.0,26.0,38.42,z_15
113.0,248.0,38.42,z_15
120.0,13.0,38.31,z_15
213.0,493.0,38.31,z_15
211.0,9.0,38.25,z_14
488.0,360.0,38.21,z_14
338.0,27.0,38.06,z_14
179.0,110.0,38.01,z_15
500.0,86.0,37.99,z_15
308.0,56.0,37.94,z_14
319.0,214.0,37.92,z_3
100.0,80.0,37.86,z_15
260.0,330.0,37.83,z_13
90.0,40.0,37.83,z_15
448.0,211.0,37.83,z_14
157.0,422.0,37.79,z_15
206.0,99.0,37.78,z_14
239.0,19.0,37.78,z_10
431.0,58.0,37.78,z_15
392.0,401.0,37.69,z_14
221.0,380.0,37.67,z_15
129.0,49.0,37.59,z_14
404.0,356.0,37.55,z_14
149.0,150.0,37.5,z_15
71.0,35.0,37.43,z_15
320.0,250.0,37.4,z_15
412.0,177.0,37.39,z_15
132.0,430.0,37.36,z_15
444.0,424.0,37.29,z_15
357.0,215.0,37.29,z_14
294.0,20.0,37.27,z_15
146.0,460.0,37.23,z_15
304.0,423.0,37.2,z_15
203.0,383.0,37.12,z_13
409.0,96.0,37.12,z_15
135.0,200.0,37.11,z_14
242.0,475.0,37.11,z_14
335.0,378.0,37.1,z_15
334.0,496.0,37.09,z_14
62.0,256.0,37.05,z_15
25.0,9.0,36.97,z_14
151.0,183.0,36.92,z_15
131.0,164.0,36.92,z_15
133.0,182.0,36.92,z_15
40.0,119.0,36.92,z_2
227.0,360.0,36.92,z_15
122.0,140.0,36.9,z_3
485.0,74.0,36.86,z_14
80.0,137.0,36.73,z_15
260.0,96.0,36.71,z_15
402.0,423.0,36.67,z_15
364.0,449.0,36.66,z_15
176.0,262.0,36.63,z_12
409.0,221.0,36.59,z_15
435.0,395.0,36.5,z_15
184.0,296.0,36.49,z_11
481.0,125.0,36.44,z_0
17.0,293.0,36.42,z_15
377.0,158.0,36.38,z_15
332.0,425.0,36.34,z_15
39.0,42.0,36.33,z_15
83.0,341.0,36.2,z_15
47.0,353.0,36.12,z_15
279.0,31.0,36.1,z_15
158.0,282.0,36.09,z_15
289.0,186.0,36.04,z_15
118.0,151.0,35.99,z_15
410.0,439.0,35.99,z_15
461.0,437.0,35.84,z_11
59.0,61.0,35.83,z_15
36.0,25.0,35.75,z_15
459.0,80.0,35.68,z_14
328.0,184.0,35.66,z_15
14.0,125.0,35.66,z_15
378.0,43.0,35.63,z_15
362.0,331.0,35.6,z_15
66.0,133.0,35.6,z_2
205.0,184.0,35.55,z_15
474.0,309.0,35.52,z_15
17.0,266.0,35.51,z_15
486.0,138.0,35.49,z_0
464.0,15.0,35.42,z_15
452.0,393.0,35.15,z_15
245.0,51.0,35.1,z_15
392.0,186.0,35.06,z_15
316.0,271.0,34.98,z_15
429.0,172.0,34.93,z_15
479.0,462.0,34.93,z_14
442.0,406.0,34.92,z_1
474.0,135.0,34.92,z_15
395.0,467.0,34.92,z_15
84.0,23.0,34.9,z_15
364.0,33.0,34.79,z_15
338.0,49.0,34.74,z_15
421.0,353.0,34.73,z_15
303.0,87.0,34.68,z_15
463.0,110.0,34.67,z_13
496.0,489.0,34.63,z_14
337.0,409.0,34.57,z_15
249.0,491.0,34.51,z_15
414.0,321.0,34.49,z_15
241.0,104.0,34.43,z_15
329.0,394.0,34.33,z_15
292.0,409.0,34.24,z_15
286.0,290.0,34.24,z_15
46.0,194.0,34.2,z_15
291.0,99.0,34.2,z_15
63.0,203.0,34.19,z_15
481.0,343.0,34.17,z_15
91.0,120.0,34.17,z_15
352.0,437.0,34.12,z_15
345.0,121.0,34.1,z_15
469.0,333.0,34.02,z_15
453.0,409.0,34.02,z_15
120.0,220.0,33.97,z_15
20.0,194.0,33.93,z_14
354.0,135.0,33.93,z_15
31.0,186.0,33.92,z_15
139.0,58.0,33.91,z_0
63.0,121.0,33.86,z_15
164.0,444.0,33.85,z_15
393.0,103.0,33.72,z_15
262.0,382.0,33.69,z_15
262.0,25.0,33.65,z_15
449.0,199.0,33.61,z_2
408.0,456.0,33.61,z_15
256.0,289.0,33.59,z_15
441.0,43.0,33.59,z_15
416.0,414.0,33.41,z_15
363.0,466.0,33.35,z_15
135.0,218.0,33.35,z_15
315.0,288.0,33.33,z_15
141.0,489.0,33.21,z_15
122.0,481.0,33.21,z_15
372.0,141.0,33.2,z_15
385.0,478.0,33.16,z_15
485.0,207.0,33.16,z_15
218.0,25.0,33.07,z_15
31.0,132.0,33.03,z_15
176.0,51.0,33.01,z_1
137.0,113.0,33.01,z_15
118.0,196.0,33.01,z_15
26.0,223.0,32.98,z_15
249.0,34.0,32.98,z_15
310.0,26.0,32.97,z_14
431.0,229.0,32.97,z_15
107.0,43.0,32.94,z_14
210.0,122.0,32.94,z_14
354.0,232.0,32.94,z_15
430.0,316.0,32.94,z_15
223.0,325.0,32.94,z_15
147.0,47.0,32.94,z_15
275.0,61.0,32.94,z_15
56.0,44.0,32.81,z_15
180.0,76.0,32.75,z_0
255.0,112.0,32.7,z_15
117.0,179.0,32.61,z_15
98.0,441.0,32.58,z_14
77.0,323.0,32.57,z_15
497.0,124.0,32.49,z_15
355.0,268.0,32.48,z_15
346.0,366.0,32.36,z_15
168.0,460.0,32.34,z_15
56.0,87.0,32.34,z_15
154.0,129.0,32.26,z_15
461.0,493.0,32.21,z_15
412.0,490.0,32.15,z_15
67.0,75.0,32.05,z_15
127.0,235.0,32.05,z_15
81.0,89.0,32.05,z_15
258.0,156.0,32.01,z_15
448.0,228.0,31.98,z_15
19.0,374.0,31.95,z_11
389.0,274.0,31.95,z_15
280.0,456.0,31.9,z_15
76.0,302.0,31.88,z_3
455.0,363.0,31.87,z_15
475.0,221.0,31.87,z_15
131.0,101.0,31.87,z_1
388.0,56.0,31.84,z_15
457.0,161.0,31.8,z_15
498.0,176.0,31.78,z_15
386.0,417.0,31.73,z_15
459.0,43.0,31.67,z_15
347.0,396.0,31.67,z_15
449.0,377.0,31.38,z_15
325.0,59.0,31.36,z_15
361.0,152.0,31.33,z_15
403.0,52.0,31.29,z_15
400.0,67.0,31.26,z_15
31.0,354.0,31.26,z_15
279.0,304.0,31.25,z_12
44.0,9.0,31.25,z_15
310.0,457.0,31.12,z_15
27.0,55.0,31.03,z_15
502.0,471.0,31.01,z_7
254.0,11.0,31.01,z_15
71.0,428.0,31.0,z_15
256.0,314.0,30.97,z_15
310.0,122.0,30.97,z_1
457.0,241.0,30.91,z_15
392.0,20.0,30.88,z_15
42.0,59.0,30.85,z_15
332.0,199.0,30.85,z_15
208.0,138.0,30.83,z_15
370.0,497.0,30.76,z_13
324.0,106.0,30.76,z_0
324.0,18.0,30.76,z_15
211.0,421.0,30.64,z_15
424.0,215.0,30.6,z_15
335.0,133.0,30.56,z_15
198.0,295.0,30.51,z_11
301.0,281.0,30.46,z_15
293.0,221.0,30.45,z_15
89.0,236.0,30.36,z_15
199.0,201.0,30.33,z_14
116.0,376.0,30.33,z_11
52.0,166.0,30.33,z_14
388.0,362.0,30.29,z_15
89.0,174.0,30.22,z_15
453.0,348.0,30.2,z_15
370.0,482.0,30.2,z_15
188.0,185.0,30.11,z_15
17.0,29.0,30.1,z_15
297.0,267.0,30.08,z_15
449.0,467.0,30.05,z_15
455.0,177.0,30.01,z_15
251.0,126.0,29.97,z_15
144.0,244.0,29.97,z_15
503.0,328.0,29.95,z_14
288.0,424.0,29.87,z_15
203.0,71.0,29.83,z_15
189.0,216.0,29.64,z_15
311.0,151.0,29.61,z_15
97.0,248.0,29.61,z_15
225.0,455.0,29.61,z_10
371.0,234.0,29.61,z_15
239.0,245.0,29.61,z_15
379.0,27.0,29.56,z_14
436.0,243.0,29.55,z_15
480.0,14.0,29.46,z_15
502.0,69.0,29.36,z_15
12.0,56.0,29.36,z_15
200.0,283.0,29.29,z_14
157.0,199.0,29.26,z_15
419.0,394.0,29.26,z_15
189.0,371.0,29.24,z_15
251.0,344.0,29.14,z_15
230.0,397.0,29.14,z_14
36.0,72.0,29.09,z_15
335.0,214.0,29.02,z_14
214.0,221.0,28.98,z_14
137.0,34.0,28.73,z_15
230.0,236.0,28.63,z_4
474.0,44.0,28.62,z_15
495.0,162.0,28.58,z_15
182.0,350.0,28.58,z_15
410.0,113.0,28.56,z_15
356.0,312.0,28.43,z_15
348.0,301.0,28.39,z_15
298.0,299.0,28.39,z_15
233.0,313.0,28.35,z_15
392.0,345.0,28.34,z_15
336.0,10.0,28.34,z_15
198.0,16.0,28.34,z_1
50.0,113.0,28.25,z_15
442.0,448.0,28.12,z_15
267.0,144.0,28.12,z_15
496.0,341.0,28.1,z_15
491.0,267.0,28.01,z_15
225.0,17.0,27.95,z_13
240.0,455.0,27.95,z_15
221.0,430.0,27.95,z_15
105.0,158.0,27.73,z_15
467.0,121.0,27.62,z_15
295.0,480.0,27.54,z_15
135.0,392.0,27.53,z_15
72.0,51.0,27.52,z_15
22.0,98.0,27.5,z_15
133.0,376.0,27.45,z_15
327.0,471.0,27.45,z_15
274.0,337.0,27.42,z_15
264.0,346.0,27.41,z_15
338.0,112.0,27.4,z_12
133.0,149.0,27.33,z_15
11.0,42.0,27.26,z_15
322.0,146.0,27.26,z_5
212.0,197.0,27.26,z_15
115.0,56.0,27.23,z_15
292.0,368.0,27.23,z_15
300.0,468.0,27.17,z_15
15.0,254.0,27.16,z_1
406.0,39.0,27.16,z_0
335.0,170.0,27.16,z_15
418.0,368.0,27.16,z_15
404.0,152.0,27.11,z_3
163.0,211.0,26.96,z_15
50.0,73.0,26.68,z_15
444.0,154.0,26.68,z_15
230.0,256.0,26.68,z_15
488.0,89.0,26.68,z_0
108.0,140.0,26.68,z_15
293.0,236.0,26.66,z_15
400.0,496.0,26.55,z_15
428.0,447.0,26.55,z_15
245.0,259.0,26.44,z_15
162.0,402.0,26.36,z_15
361.0,242.0,26.35,z_4
369.0,263.0,26.25,z_15
351.0,413.0,26.18,z_15
311.0,12.0,26.15,z_15
7.0,16.0,26.13,z_0
62.0,109.0,26.1,z_6
376.0,445.0,26.1,z_2
381.0,405.0,26.1,z_12
172.0,474.0,26.1,z_15
288.0,53.0,26.1,z_14
210.0,209.0,26.1,z_1
6.0,478.0,26.1,z_8
199.0,248.0,26.1,z_15
16.0,467.0,25.91,z_12
484.0,447.0,25.82,z_15
24.0,41.0,25.82,z_15
198.0,228.0,25.77,z_14
460.0,221.0,25.77,z_15
285.0,489.0,25.6,z_15
450.0,54.0,25.47,z_15
301.0,7.0,25.47,z_2
291.0,87.0,25.43,z_3
464.0,169.0,25.35,z_0
473.0,355.0,25.35,z_15
276.0,73.0,25.24,z_3
27.0,473.0,25.21,z_15
434.0,435.0,25.17,z_15
237.0,80.0,25.16,z_14
105.0,7.0,25.11,z_5
146.0,274.0,25.0,z_15
246.0,90.0,24.89,z_15
200.0,85.0,24.84,z_15
437.0,201.0,24.82,z_15
124.0,109.0,24.7,z_15
444.0,167.0,24.57,z_15
45.0,445.0,24.54,z_15
236.0,124.0,24.49,z_14
395.0,320.0,24.46,z_15
144.0,475.0,24.44,z_14
501.0,386.0,24.42,z_15
344.0,91.0,24.39,z_15
348.0,38.0,24.3,z_15
412.0,210.0,24.3,z_10
419.0,428.0,24.14,z_15
150.0,210.0,24.01,z_15
197.0,410.0,23.97,z_12
368.0,307.0,23.97,z_15
217.0,256.0,23.95,z_15
160.0,473.0,23.85,z_15
361.0,357.0,23.84,z_15
321.0,382.0,23.81,z_1
463.0,398.0,23.8,z_10
238.0,441.0,23.78,z_15
65.0,162.0,23.75,z_15
191.0,467.0,23.75,z_11
400.0,179.0,23.75,z_10
389.0,333.0,23.75,z_15
405.0,395.0,23.58,z_15
305.0,190.0,23.57,z_14
188.0,455.0,23.53,z_15
235.0,267.0,23.53,z_15
14.0,108.0,23.44,z_13
494.0,196.0,23.44,z_14
290.0,163.0,23.43,z_15
363.0,413.0,23.36,z_15
235.0,164.0,23.29,z_14
46.0,22.0,23.29,z_1
435.0,476.0,23.29,z_13
381.0,381.0,23.05,z_15
84.0,55.0,22.96,z_15
352.0,24.0,22.95,z_15
49.0,32.0,22.88,z_15
18.0,139.0,22.75,z_15
417.0,477.0,22.72,z_15
486.0,170.0,22.72,z_14
265.0,300.0,22.67,z_15
323.0,167.0,22.63,z_15
116.0,165.0,22.63,z_15
432.0,10.0,22.61,z_15
200.0,148.0,22.55,z_13
336.0,286.0,22.55,z_15
148.0,35.0,22.54,z_4
441.0,317.0,22.54,z_8
125.0,82.0,22.54,z_3
452.0,67.0,22.44,z_12
324.0,458.0,22.44,z_15
323.0,156.0,22.44,z_15
269.0,368.0,22.18,z_15
288.0,470.0,22.18,z_15
186.0,338.0,21.89,z_15
434.0,159.0,21.86,z_15
208.0,480.0,21.75,z_0
494.0,20.0,21.73,z_2
488.0,394.0,21.73,z_15
433.0,69.0,21.68,z_1
285.0,119.0,21.64,z_0
498.0,431.0,21.52,z_15
68.0,93.0,21.45,z_15
444.0,138.0,21.45,z_15
77.0,123.0,21.45,z_13
430.0,424.0,21.45,z_15
211.0,61.0,21.45,z_15
405.0,189.0,21.28,z_15
110.0,477.0,21.25,z_15
149.0,169.0,21.12,z_15
74.0,155.0,21.07,z_12
443.0,368.0,21.04,z_1
376.0,471.0,20.83,z_15
59.0,34.0,20.83,z_5
111.0,272.0,20.64,z_12
149.0,301.0,20.6,z_10
251.0,23.0,20.52,z_1
306.0,70.0,20.52,z_4
116.0,362.0,20.19,z_13
399.0,410.0,20.14,z_15
115.0,78.0,19.98,z_14
348.0,14.0,19.91,z_15
472.0,449.0,19.91,z_15
166.0,20.0,19.9,z_15
31.0,337.0,19.79,z_0
156.0,485.0,19.76,z_15
33.0,301.0,19.76,z_13
136.0,451.0,19.76,z_15
291.0,5.0,19.67,z_6
120.0,389.0,19.65,z_15
49.0,154.0,19.65,z_12
212.0,81.0,19.4,z_14
379.0,268.0,19.21,z_15
60.0,431.0,19.21,z_15
358.0,502.0,18.89,z_0
164.0,367.0,18.89,z_13
439.0,459.0,18.78,z_13
472.0,76.0,18.63,z_0
218.0,399.0,18.63,z_15
388.0,389.0,18.63,z_15
316.0,467.0,18.27,z_15
124.0,207.0,18.1,z_15
156.0,86.0,17.96,z_0
47.0,394.0,17.92,z_0
376.0,56.0,17.92,z_15
442.0,386.0,17.87,z_0
127.0,121.0,17.86,z_0
87.0,186.0,17.68,z_0
173.0,427.0,17.31,z_15
46.0,416.0,17.31,z_0
311.0,259.0,17.28,z_15
211.0,432.0,17.21,z_14
487.0,437.0,17.01,z_12
261.0,496.0,17.0,z_13
324.0,488.0,17.0,z_13
244.0,117.0,16.87,z_0
91.0,429.0,16.87,z_15
75.0,406.0,16.87,z_12
485.0,474.0,16.8,z_15
289.0,396.0,16.8,z_13
467.0,460.0,16.8,z_0
106.0,168.0,16.8,z_15
245.0,375.0,16.8,z_0
241.0,5.0,16.6,z_11
148.0,120.0,16.6,z_12
305.0,409.0,16.5,z_14
226.0,79.0,16.36,z_12
494.0,463.0,16.34,z_15
336.0,316.0,16.34,z_0
195.0,328.0,16.3,z_0
5.0,134.0,16.28,z_0
8.0,336.0,16.27,z_12
441.0,110.0,16.27,z_0
453.0,15.0,16.03,z_0
215.0,363.0,15.87,z_0
268.0,157.0,15.87,z_0
100.0,451.0,15.57,z_0
424.0,404.0,15.53,z_12
266.0,397.0,15.38,z_1
263.0,464.0,15.38,z_1
147.0,200.0,15.32,z_0
440.0,91.0,15.32,z_11
483.0,259.0,15.29,z_0
290.0,206.0,15.27,z_0
269.0,419.0,15.23,z_0
504.0,157.0,15.18,z_2
387.0,174.0,15.14,z_0
114.0,23.0,15.02,z_0
296.0,197.0,15.02,z_0
161.0,378.0,15.02,z_1
122.0,424.0,15.02,z_0
14.0,154.0,15.02,z_0
500.0,371.0,15.02,z_0
385.0,430.0,14.78,z_13
265.0,85.0,14.37,z_13
110.0,432.0,14.27,z_0
419.0,16.0,14.21,z_15
419.0,452.0,14.21,z_11
76.0,355.0,14.17,z_4
360.0,343.0,14.06,z_0
227.0,495.0,14.02,z_2
294.0,309.0,13.99,z_2
345.0,322.0,13.98,z_1
324.0,263.0,13.98,z_0
136.0,315.0,13.98,z_11
70.0,439.0,13.96,z_2
333.0,39.0,13.75,z_0
396.0,253.0,13.6,z_0
202.0,441.0,13.48,z_5
503.0,305.0,13.42,z_0
259.0,209.0,13.18,z_3
333.0,347.0,12.39,z_4
216.0,102.0,12.15,z_3
272.0,429.0,12.15,z_4
88.0,261.0,12.15,z_6
252.0,463.0,12.08,z_4
323.0,318.0,11.79,z_7
109.0,283.0,11.49,z_7
316.0,398.0,11.22,z_11
231.0,26.0,10.98,z_14
377.0,15.0,10.62,z_6
3.0,5.0,10.42,z_6
58.0,3.0,10.42,z_6
215.0,444.0,9.6,z_8
17.0,411.0,9.32,z_10
238.0,357.0,5.89,z_10
