Diameter_μm,occupancy
40.49,0
40.41,0
30.36,0
48.15,0
44.38,0
33.98,0
40.48,0
46.5,0
31.26,0
40.34,0
46.04,0
46.28,0
44.01,0
41.33,0
37.89,0
51.29,0
47.32,0
41.38,0
48.67,0
46.69,0
42.97,0
43.47,0
41.36,0
44.54,0
43.79,0
43.18,0
36.75,0
46.54,0
35.57,0
40.71,0
42.36,0
46.44,0
45.27,0
54.5,0
44.68,0
52.15,0
46.02,0
46.28,0
45.11,0
43.09,0
46.42,0
53.19,0
52.86,0
41.16,0
45.39,0
45.82,0
41.5,0
48.14,0
50.31,0
52.32,0
56.98,0
46.37,0
52.33,0
51.41,0
20.55,0
15.3,0
14.22,0
35.57,0
27.77,0
42.95,0
43.98,0
46.23,0
42.52,0
43.77,0
45.68,0
40.38,0
46.43,0
51.72,0
45.36,0
54.5,0
45.99,0
43.49,0
46.39,0
47.19,0
44.3,0
51.51,0
52.99,0
45.77,0
50.07,0
42.28,0
54.86,0
47.79,0
44.62,0
47.7,0
43.64,0
66.64,0
51.74,0
52.71,0
47.94,0
40.0,0
43.46,0
41.45,0
46.26,0
47.7,0
42.96,0
38.15,0
43.69,0
46.67,0
46.46,0
46.74,0
44.03,0
46.15,0
45.25,0
42.33,0
45.53,0
41.81,0
59.2,0
49.05,0
43.51,0
46.48,0
43.42,0
43.88,0
47.79,0
45.94,0
43.06,0
43.56,0
44.26,0
45.95,0
40.48,0
43.08,0
46.43,0
47.34,0
46.67,0
47.0,0
17.5,0
46.11,0
46.79,0
50.27,0
45.11,0
58.89,0
40.38,0
48.37,0
46.78,0
47.43,0
43.85,0
47.35,0
49.95,0
47.14,0
44.28,0
48.24,0
15.86,0
15.78,0
22.23,0
29.11,0
44.89,0
46.9,0
31.44,0
38.95,0
32.58,0
47.04,0
40.36,0
52.53,0
42.49,0
54.69,0
11.1,0
8.48,0
9.78,0
11.17,0
12.86,0
13.5,0
35.48,0
38.59,0
40.3,0
35.0,0
34.41,0
48.09,0
41.84,0
39.78,0
43.98,0
42.36,0
46.46,0
46.2,0
39.95,0
44.85,0
43.53,0
42.95,0
45.4,0
46.88,0
45.1,0
42.51,0
44.9,0
46.41,0
45.51,0
47.04,0
45.33,0
38.26,0
45.38,0
47.56,0
43.99,0
42.69,0
47.95,0
44.76,0
46.57,0
45.09,0
41.32,0
43.58,0
44.21,0
47.14,0
47.03,0
43.0,0
43.76,0
56.05,0
47.24,0
44.56,0
37.24,0
55.46,0
44.36,0
46.68,0
47.06,0
43.6,0
43.96,0
45.38,0
44.91,0
37.44,0
34.53,0
43.94,0
35.79,0
43.09,0
37.06,0
43.88,0
36.5,0
40.49,0
47.01,0
34.21,0
37.99,0
31.69,0
52.01,0
44.27,0
40.16,0
40.83,0
46.49,0
42.04,0
46.5,0
45.34,0
41.32,0
36.53,0
39.81,0
47.26,0
44.41,0
45.21,0
46.66,0
45.37,0
39.6,0
44.89,0
45.45,0
46.44,0
44.4,0
45.7,0
52.52,0
44.73,0
45.04,0
53.8,0
37.43,0
44.84,0
46.53,0
47.1,0
44.29,0
44.58,0
37.46,0
43.21,0
56.88,0
41.48,0
44.8,0
49.38,0
44.35,0
49.37,0
55.71,0
47.09,0
53.24,0
41.11,0
46.74,0
46.15,0
45.8,0
47.44,0
46.25,0
47.21,0
42.03,0
41.44,0
45.31,0
41.16,0
42.34,0
45.42,0
47.38,0
46.33,0
46.15,0
44.92,0
46.71,0
51.39,0
43.05,0
47.25,0
45.53,0
44.08,0
46.59,0
51.65,0
44.89,0
43.54,0
42.15,0
49.47,0
46.39,0
41.56,0
43.76,0
49.32,0
42.47,0
42.98,0
42.97,0
45.73,0
51.26,0
43.31,0
15.78,0
44.35,0
43.34,0
46.03,0
40.99,0
45.29,0
46.03,0
47.76,0
61.14,0
47.08,0
52.49,0
46.4,0
46.08,0
45.58,0
53.33,0
47.2,0
52.38,0
50.1,0
46.63,0
46.51,0
42.32,0
45.88,0
54.09,0
45.64,0
50.44,0
51.01,0
40.24,0
45.37,0
44.82,0
44.54,0
18.7,0
45.52,0
53.46,0
40.86,0
47.99,0
45.26,0
43.65,0
46.03,0
59.5,0
49.17,0
45.62,0
46.08,0
46.85,0
52.11,0
49.38,0
42.37,0
46.9,0
42.12,0
29.95,0
29.65,0
44.85,0
51.88,0
45.98,0
43.96,0
39.26,0
46.78,0
42.54,0
44.8,0
51.69,0
31.19,0
39.83,0
34.75,0
43.07,0
28.84,0
46.27,0
44.83,0
45.72,0
36.08,0
42.49,0
52.96,0
42.63,0
44.33,0
45.83,0
41.48,0
41.1,0
46.5,0
30.55,0
42.63,0
45.28,0
45.82,0
36.88,0
46.42,0
41.49,0
31.49,0
48.08,0
31.66,0
34.26,0
44.56,0
42.53,0
42.45,0
40.14,0
44.12,0
39.85,0
56.62,0
52.3,0
56.1,0
43.83,0
50.98,0
45.3,0
46.06,0
53.95,0
44.4,0
46.07,0
46.81,0
46.7,0
46.89,0
44.89,0
42.93,0
46.47,0
17.42,0
14.55,0
17.13,0
45.33,0
40.9,0
45.69,0
41.99,0
46.16,0
17.56,0
42.94,1
35.59,1
47.98,1
49.98,1
47.34,1
46.19,1
57.19,1
46.19,1
47.4,1
44.47,1
45.05,1
52.73,1
36.93,1
44.05,1
42.58,1
41.39,1
53.15,1
41.96,1
55.98,1
21.83,1
39.25,1
48.71,1
46.57,1
40.85,1
41.57,1
52.42,1
46.17,1
46.62,1
43.77,1
27.79,1
47.36,1
47.64,1
51.89,1
44.56,1
46.56,1
124.96,1
49.23,1
36.48,1
52.09,1
45.42,1
50.29,1
50.41,1
45.57,1
54.64,1
51.38,1
43.26,1
44.2,1
42.65,1
48.13,1
45.39,1
47.35,1
43.4,1
48.81,1
48.08,1
47.22,1
46.97,1
45.69,1
52.13,1
46.57,1
47.22,1
47.36,1
40.25,1
45.2,1
48.08,1
42.54,1
46.9,1
44.11,1
43.08,1
93.33,1
37.61,1
48.45,1
47.51,1
41.39,1
49.98,1
47.13,1
49.26,1
44.32,1
46.02,1
45.79,1
47.52,1
54.75,1
45.88,1
53.37,1
45.5,1
40.56,1
46.05,1
47.62,1
46.84,1
44.83,1
48.37,1
53.91,1
41.35,1
47.01,1
41.46,1
44.22,1
71.73,1
46.66,1
46.94,1
47.78,1
47.83,1
45.89,1
45.55,1
46.27,1
41.09,1
46.75,1
41.44,1
52.24,1
40.21,1
45.42,1
40.91,1
48.84,1
40.35,1
45.43,1
57.84,1
48.81,1
46.55,1
51.83,1
56.18,1
49.45,1
42.26,1
46.03,1
45.95,1
48.69,1
50.6,1
51.12,1
43.94,1
41.53,1
