Mask_ID,Center_X_px,Center_Y_px,Diameter_μm,Mean_Intensity,Area_μm²,Circularity,Ring_Width_μm,Dark_Edge_Diameter_μm,Dark_Ratio
0,453.00,381.00,30.57,127.28,609.81,0.864,5.02,40.62,0.240
1,443.00,421.00,39.85,121.61,889.76,0.790,4.54,48.93,0.327
2,496.00,409.00,23.94,126.61,379.77,0.870,3.76,30.61,0.220
3,333.00,485.00,26.44,128.59,477.43,0.910,5.27,36.39,0.254
4,468.00,328.00,31.29,126.39,633.68,0.875,4.08,39.13,0.330
5,386.00,399.00,36.18,122.82,852.86,0.846,3.71,43.21,0.227
6,433.00,340.00,26.44,131.36,468.75,0.894,3.25,32.94,0.166
7,412.00,379.00,23.29,132.12,364.58,0.906,4.27,31.83,0.257
8,462.00,444.00,34.50,124.83,696.61,0.821,4.97,43.80,0.235
9,385.00,423.00,34.10,123.37,727.00,0.869,3.74,41.52,0.234
10,393.00,364.00,27.01,128.26,483.94,0.895,5.07,36.86,0.249
11,367.00,442.00,32.94,125.23,651.04,0.867,3.44,39.82,0.202
12,318.00,267.00,26.44,129.02,477.43,0.910,5.25,36.94,0.320
13,407.00,432.00,41.29,122.32,1052.52,0.801,4.34,49.24,0.181
14,161.00,426.00,26.15,130.13,449.22,0.922,4.53,34.76,0.255
15,339.00,497.00,25.28,129.27,421.01,0.933,5.35,35.48,0.314
16,63.00,288.00,25.58,118.15,449.22,0.883,6.43,35.84,0.205
17,498.00,453.00,33.94,123.58,761.72,0.852,3.92,41.78,0.212
18,96.00,465.00,24.11,121.87,362.41,0.870,4.98,31.09,0.259
19,14.00,472.00,24.06,124.04,375.43,0.860,5.18,33.09,0.337
20,479.00,454.00,43.18,121.13,1178.39,0.832,4.97,53.12,0.132
21,375.00,477.00,31.48,123.81,651.04,0.854,4.21,39.67,0.245
22,430.00,478.00,41.15,121.48,930.99,0.814,3.67,48.50,0.254
23,346.00,485.00,26.44,126.64,464.41,0.924,5.68,37.37,0.317
24,460.00,429.00,25.21,131.43,394.97,0.837,5.13,35.48,0.230
25,81.00,318.00,42.50,119.75,1221.79,0.872,4.14,88.12,0.429
26,342.00,336.00,26.68,130.75,427.52,0.825,3.73,34.14,0.240
27,320.00,31.00,33.85,125.60,815.97,0.922,4.02,41.90,0.188
28,335.00,222.00,40.55,118.52,1102.43,0.868,6.23,50.55,0.225
29,445.00,305.00,41.99,120.23,1221.79,0.872,4.79,51.58,0.186
30,489.00,17.00,55.38,117.22,2174.48,0.876,4.30,63.96,0.079
31,421.00,127.00,45.84,115.53,1516.93,0.883,2.61,49.75,0.110
32,493.00,61.00,48.25,117.64,1653.65,0.876,4.87,57.99,0.134
33,311.00,94.00,48.65,118.69,1671.01,0.905,3.32,54.84,0.149
34,328.00,114.00,58.80,115.44,2495.66,0.852,-29.40,0.00,0.000
35,386.00,20.00,36.94,125.81,930.99,0.923,3.57,44.08,0.259
36,440.00,39.00,39.84,121.54,1117.62,0.908,3.21,46.26,0.237
37,410.00,222.00,36.86,124.10,909.29,0.890,3.13,43.13,0.265
38,437.00,80.00,43.65,121.30,1319.44,0.869,2.55,48.30,0.117
39,363.00,122.00,50.43,116.39,1820.75,0.881,1.78,54.00,0.088
40,346.00,239.00,36.07,122.47,878.91,0.871,5.67,45.76,0.274
41,420.00,68.00,40.49,123.65,1161.02,0.907,4.35,49.19,0.286
42,418.00,47.00,42.90,119.95,1310.76,0.895,4.07,50.70,0.144
43,357.00,285.00,35.29,122.75,889.76,0.902,5.51,45.97,0.244
44,456.00,71.00,42.21,120.78,1247.83,0.890,4.33,50.87,0.304
45,316.00,293.00,37.27,123.58,939.67,0.932,4.00,45.27,0.247
46,438.00,59.00,40.74,120.33,1169.70,0.866,4.11,48.81,0.263
47,486.00,383.00,27.57,128.11,520.83,0.898,5.59,38.75,0.236
48,438.00,437.00,31.81,125.03,664.06,0.917,3.39,38.56,0.246
49,332.00,450.00,27.36,128.06,494.79,0.889,5.38,37.48,0.274
50,416.00,464.00,30.61,123.14,646.70,0.893,4.39,39.13,0.243
51,365.00,352.00,23.29,136.87,364.58,0.906,3.82,30.94,0.243
52,445.00,355.00,52.09,118.78,1844.62,0.819,5.03,61.61,0.130
53,368.00,494.00,31.97,123.68,657.55,0.917,6.08,42.50,0.292
54,440.00,391.00,33.59,121.87,759.55,0.858,5.28,43.72,0.211
55,352.00,412.00,28.74,124.84,562.07,0.906,5.31,38.42,0.232
56,378.00,356.00,35.73,121.62,861.55,0.854,4.66,44.24,0.208
57,453.00,497.00,29.87,126.22,564.24,0.852,4.54,38.36,0.216
58,427.00,370.00,41.58,120.01,1150.17,0.858,4.59,50.76,0.219
59,381.00,379.00,47.05,119.76,1469.18,0.835,3.25,53.55,0.154
60,464.00,370.00,32.67,126.56,653.21,0.848,5.50,43.35,0.257
61,365.00,23.00,51.11,116.71,1903.21,0.883,3.93,58.97,0.114
62,403.00,32.00,42.17,122.33,1204.43,0.906,4.95,51.19,0.159
63,424.00,24.00,47.98,120.85,1595.05,0.858,4.75,57.48,0.110
64,483.00,103.00,47.95,116.63,1657.99,0.878,2.75,53.39,0.090
65,413.00,94.00,74.67,115.38,4086.37,0.892,-30.58,13.51,0.010
66,387.00,106.00,44.45,119.01,1393.23,0.896,1.96,48.12,0.131
67,136.00,462.00,34.67,122.53,742.19,0.812,4.65,42.53,0.247
68,202.00,368.00,31.10,124.84,642.36,0.874,3.17,36.44,0.207
69,127.00,444.00,46.97,118.65,1503.91,0.809,3.62,53.97,0.175
70,178.00,403.00,27.61,129.10,494.79,0.889,4.39,35.75,0.261
71,212.00,472.00,31.01,124.64,677.08,0.902,5.13,40.48,0.220
72,37.00,412.00,37.78,112.68,1017.80,0.911,2.01,39.05,0.184
73,19.00,359.00,39.26,114.29,1082.90,0.880,4.58,47.02,0.236
74,52.00,368.00,40.45,118.29,1121.96,0.877,5.17,50.28,0.297
75,209.00,386.00,51.58,117.71,1727.43,0.806,2.33,56.25,0.110
76,165.00,410.00,31.95,123.26,679.25,0.882,4.95,41.23,0.243
77,109.00,387.00,27.95,127.33,516.49,0.891,5.09,37.27,0.249
78,249.00,350.00,60.29,117.82,2586.81,0.877,3.07,66.44,0.073
79,91.00,335.00,30.58,126.02,635.85,0.868,4.88,39.82,0.233
80,235.00,488.00,35.48,123.39,859.38,0.860,4.56,44.36,0.245
81,243.00,457.00,31.32,119.52,672.74,0.865,2.10,33.34,0.192
82,234.00,383.00,30.05,129.07,562.07,0.891,3.38,35.84,0.244
83,114.00,494.00,34.36,118.88,811.63,0.888,5.54,43.34,0.275
84,295.00,318.00,27.53,126.59,512.15,0.883,5.28,37.83,0.394
85,65.00,462.00,34.33,112.30,822.48,0.852,1.86,34.70,0.180
86,141.00,373.00,39.78,120.36,1072.05,0.854,4.98,49.08,0.237
87,11.00,382.00,32.42,114.37,724.83,0.858,5.86,42.18,0.232
88,67.00,432.00,42.97,114.85,1273.87,0.909,5.09,50.35,0.225
89,179.00,476.00,37.88,120.80,976.56,0.867,3.82,45.30,0.201
90,221.00,412.00,33.25,124.35,748.70,0.866,5.13,42.75,0.232
91,202.00,458.00,33.73,123.37,774.74,0.896,3.58,40.45,0.223
92,193.00,407.00,31.36,124.60,659.72,0.836,5.04,40.89,0.255
93,14.00,401.00,44.64,111.20,1321.61,0.815,4.25,50.39,0.229
94,150.00,389.00,31.97,122.97,698.78,0.886,5.47,42.20,0.266
95,92.00,395.00,46.82,117.47,1336.81,0.784,6.29,58.37,0.165
96,186.00,341.00,30.13,124.35,633.68,0.875,3.00,35.53,0.193
97,226.00,342.00,39.77,123.83,1037.33,0.850,5.60,50.39,0.176
98,154.00,329.00,41.20,119.53,1139.32,0.890,3.99,48.97,0.201
99,273.00,360.00,43.80,121.97,1254.34,0.857,5.30,53.61,0.175
100,153.00,470.00,43.74,118.84,1276.04,0.820,3.32,49.71,0.177
101,138.00,400.00,32.13,124.13,720.49,0.913,3.95,39.52,0.266
102,267.00,471.00,35.62,117.27,891.93,0.884,1.48,38.58,0.100
103,216.00,489.00,43.08,118.65,1258.68,0.860,4.66,51.64,0.201
104,198.00,330.00,30.99,125.30,659.72,0.911,4.96,40.03,0.311
105,132.00,331.00,41.17,119.96,1141.49,0.852,4.56,50.11,0.181
106,146.00,418.00,44.03,119.56,1276.04,0.862,4.78,52.33,0.234
107,75.00,394.00,26.13,127.00,444.88,0.874,3.88,32.94,0.239
108,110.00,352.00,24.49,127.19,394.97,0.875,3.61,30.06,0.214
109,129.00,488.00,29.96,120.16,603.30,0.877,4.04,37.31,0.210
110,314.00,335.00,24.30,133.44,394.97,0.917,4.39,33.08,0.260
111,269.00,381.00,41.39,120.45,1204.43,0.892,4.04,49.43,0.175
112,259.00,423.00,46.60,122.59,1451.82,0.781,3.41,53.41,0.167
113,103.00,418.00,30.15,126.11,592.45,0.871,4.18,38.52,0.396
114,208.00,406.00,23.80,131.90,375.43,0.860,4.63,33.07,0.248
115,448.00,482.00,34.69,124.40,709.64,0.820,4.31,42.23,0.353
116,69.00,335.00,40.27,117.81,1145.83,0.913,4.86,49.39,0.205
117,293.00,480.00,27.95,118.81,514.32,0.913,1.09,28.43,0.147
118,309.00,381.00,39.60,127.00,915.80,0.750,3.66,46.64,0.178
119,89.00,475.00,31.36,115.14,529.51,0.817,6.53,41.99,0.374
120,210.00,322.00,25.17,127.29,429.69,0.910,5.68,35.84,0.325
121,312.00,458.00,27.38,125.99,503.47,0.868,3.72,33.93,0.209
122,486.00,437.00,27.57,108.16,501.30,0.890,3.28,33.91,0.150
123,29.00,278.00,25.17,118.57,425.35,0.901,3.94,30.79,0.209
124,81.00,446.00,38.69,117.64,1032.99,0.856,2.93,42.95,0.205
125,185.00,324.00,27.41,124.71,525.17,0.906,3.25,32.94,0.193
126,51.00,348.00,40.51,116.18,1148.00,0.873,5.93,50.39,0.300
127,37.00,359.00,31.00,122.56,655.38,0.905,4.67,40.11,0.309
128,58.00,475.00,34.67,114.39,629.34,0.826,5.06,41.93,0.330
129,280.00,492.00,47.33,116.70,1555.99,0.837,5.84,59.00,0.137
130,119.00,424.00,35.23,121.19,820.31,0.831,5.92,46.26,0.254
131,240.00,332.00,26.71,131.64,473.09,0.865,4.86,36.43,0.239
132,334.00,404.00,41.46,125.33,1059.03,0.782,3.85,49.17,0.144
133,196.00,472.00,28.47,126.88,551.22,0.864,5.51,39.13,0.284
134,283.00,329.00,35.41,125.75,737.85,0.822,4.50,43.97,0.289
135,121.00,471.00,37.62,117.07,1006.94,0.883,4.49,44.97,0.227
136,234.00,318.00,30.11,126.66,609.81,0.896,3.88,37.86,0.249
137,188.00,374.00,28.98,126.59,551.22,0.913,4.35,37.45,0.253
138,289.00,383.00,30.18,127.40,557.73,0.851,2.93,35.61,0.224
139,223.00,326.00,24.54,132.56,384.11,0.880,5.29,34.67,0.279
140,264.00,401.00,41.24,125.34,1050.35,0.805,3.05,47.23,0.198
141,114.00,404.00,42.66,119.03,1178.39,0.819,5.46,52.06,0.244
142,161.00,486.00,28.34,124.03,549.05,0.885,2.91,32.94,0.199
143,483.00,400.00,39.04,122.03,1046.01,0.917,4.46,47.96,0.116
144,481.00,269.00,29.80,127.77,575.09,0.845,3.45,36.69,0.159
145,496.00,277.00,43.16,118.50,1137.15,0.827,3.50,49.18,0.163
146,379.00,316.00,35.06,122.73,859.38,0.871,4.94,44.79,0.219
147,384.00,160.00,28.38,121.31,540.36,0.871,3.82,33.65,0.210
148,471.00,384.00,28.46,128.04,527.34,0.884,3.86,35.68,0.230
149,326.00,371.00,41.42,121.46,1139.32,0.857,3.00,47.38,0.208
150,362.00,223.00,28.54,123.34,538.19,0.877,3.64,34.46,0.231
151,341.00,381.00,27.95,129.75,538.19,0.928,3.89,35.73,0.268
152,485.00,229.00,39.32,124.55,930.99,0.810,4.53,46.78,0.169
153,363.00,76.00,42.35,119.95,1247.83,0.868,4.83,51.30,0.247
154,411.00,410.00,41.09,120.16,1106.77,0.826,4.41,48.89,0.176
155,391.00,466.00,49.60,119.04,1664.50,0.830,4.25,58.02,0.093
156,461.00,461.00,35.81,122.80,859.38,0.871,5.50,46.68,0.196
157,476.00,421.00,51.36,118.17,1898.87,0.881,4.33,59.98,0.110
158,445.00,148.00,24.96,123.32,384.11,0.840,3.87,31.88,0.222
159,335.00,353.00,39.32,121.64,985.24,0.840,4.82,48.32,0.222
160,370.00,336.00,43.81,120.09,1345.49,0.865,3.59,50.91,0.139
161,330.00,206.00,28.44,120.04,549.05,0.851,5.18,36.92,0.199
162,335.00,27.00,26.34,131.57,468.75,0.894,5.38,36.88,0.299
163,435.00,276.00,26.07,129.69,451.39,0.898,4.57,34.67,0.218
164,350.00,88.00,26.28,130.88,464.41,0.885,4.04,34.06,0.216
165,346.00,130.00,26.71,121.86,447.05,0.890,1.70,27.16,0.158
166,421.00,242.00,55.78,116.82,2081.16,0.802,4.91,65.15,0.071
167,467.00,166.00,28.54,127.71,507.81,0.861,5.33,38.75,0.339
168,464.00,276.00,24.00,131.42,371.09,0.891,4.71,32.94,0.208
169,381.00,202.00,34.46,120.64,833.33,0.899,3.84,41.09,0.225
170,460.00,401.00,54.16,118.65,1985.68,0.818,4.86,63.77,0.114
171,336.00,252.00,26.17,127.44,468.75,0.857,4.88,35.93,0.340
172,439.00,236.00,25.69,131.80,388.45,0.834,4.11,33.91,0.248
173,477.00,79.00,50.44,118.76,1740.45,0.830,1.60,52.79,0.108
174,399.00,376.00,26.98,128.87,483.94,0.895,3.36,33.37,0.213
175,442.00,260.00,23.97,129.53,368.92,0.857,4.62,32.99,0.230
176,396.00,57.00,25.54,129.58,436.20,0.895,4.13,33.38,0.259
177,479.00,50.00,24.30,133.92,388.45,0.933,3.51,31.32,0.263
178,317.00,495.00,38.80,118.56,1056.86,0.883,5.07,47.75,0.192
179,501.00,170.00,25.30,128.42,429.69,0.910,5.75,35.84,0.268
180,358.00,371.00,51.08,119.06,1835.94,0.875,4.37,58.76,0.118
181,467.00,137.00,25.86,124.81,394.97,0.892,0.10,26.05,0.148
182,416.00,332.00,47.51,119.56,1564.67,0.805,5.05,57.25,0.154
183,372.00,458.00,35.63,123.26,876.74,0.917,4.01,43.17,0.189
184,358.00,427.00,36.32,122.12,915.80,0.889,4.20,44.64,0.193
185,486.00,362.00,44.71,120.09,1336.81,0.838,3.28,51.24,0.115
186,448.00,328.00,52.31,118.37,1920.57,0.883,3.73,59.76,0.106
187,369.00,411.00,44.88,120.08,1375.87,0.907,4.11,53.10,0.148
188,337.00,426.00,48.28,121.18,1627.60,0.862,4.49,57.21,0.120
189,345.00,321.00,32.94,123.67,748.70,0.895,4.93,42.02,0.289
190,423.00,352.00,35.75,124.09,881.08,0.893,4.82,45.39,0.326
191,381.00,299.00,24.57,130.10,381.94,0.887,4.05,31.68,0.220
192,404.00,278.00,28.14,125.26,525.17,0.837,5.13,37.91,0.267
193,393.00,332.00,47.88,119.44,1610.24,0.901,3.38,54.36,0.091
194,361.00,392.00,38.20,122.54,1002.60,0.879,3.90,45.96,0.175
195,410.00,222.00,38.47,122.24,987.41,0.884,2.43,84.27,0.366
196,429.00,197.00,49.15,120.34,1436.63,0.804,0.10,79.60,0.311
197,403.00,392.00,37.59,120.66,987.41,0.884,5.30,47.52,0.202
198,468.00,347.00,49.97,119.44,1679.69,0.801,5.25,60.46,0.168
199,319.00,474.00,43.62,119.28,1356.34,0.887,4.15,51.43,0.171
200,501.00,321.00,31.22,126.02,668.40,0.890,5.27,41.34,0.203
201,327.00,325.00,40.55,122.60,1130.64,0.884,5.43,51.21,0.271
202,501.00,391.00,40.50,120.48,1119.79,0.892,4.70,49.43,0.190
203,336.00,464.00,30.52,125.69,648.87,0.919,4.82,40.02,0.240
204,362.00,319.00,31.16,127.16,655.38,0.905,4.25,39.42,0.278
205,425.00,426.00,38.49,120.64,980.90,0.813,3.18,44.84,0.259
206,498.00,298.00,41.78,119.58,1195.75,0.853,4.28,49.25,0.133
207,314.00,353.00,48.77,119.82,1655.82,0.883,3.72,55.84,0.151
208,354.00,466.00,43.40,118.56,1317.27,0.906,5.16,53.36,0.155
209,406.00,451.00,35.88,123.71,900.61,0.893,3.82,43.20,0.150
210,423.00,444.00,36.77,121.74,926.65,0.919,4.93,45.71,0.161
211,492.00,339.00,51.28,119.35,1809.90,0.889,4.71,60.70,0.106
212,388.00,443.00,45.27,121.18,1373.70,0.847,4.96,55.19,0.163
213,349.00,445.00,43.46,119.46,1321.61,0.865,4.14,51.50,0.143
214,353.00,344.00,30.17,126.57,585.94,0.871,4.82,39.81,0.261
215,422.00,391.00,39.89,120.75,1065.54,0.866,4.54,48.62,0.167
216,333.00,91.00,42.86,122.35,1195.75,0.823,3.18,49.22,0.226
217,362.00,194.00,51.54,116.71,1829.43,0.824,3.80,59.05,0.127
218,376.00,283.00,40.57,120.69,1080.73,0.885,5.44,50.47,0.262
219,373.00,175.00,38.31,117.20,1032.99,0.880,3.77,43.95,0.194
220,397.00,236.00,41.22,121.51,1128.47,0.865,4.60,50.43,0.223
221,391.00,273.00,29.64,127.23,601.13,0.883,5.98,41.25,0.262
222,411.00,183.00,38.25,119.46,1019.97,0.895,5.68,48.81,0.224
223,408.00,147.00,53.94,115.82,2057.29,0.905,2.00,57.85,0.119
224,429.00,408.00,34.28,122.31,779.08,0.860,2.62,38.95,0.277
225,424.00,293.00,58.76,117.63,2291.67,0.849,4.97,68.46,0.148
226,443.00,126.00,30.13,112.45,651.04,0.867,1.23,30.33,0.160
227,366.00,302.00,37.35,122.75,948.35,0.901,5.67,47.85,0.223
228,346.00,301.00,44.88,121.23,1310.76,0.814,4.50,53.07,0.250
229,469.00,239.00,38.75,122.46,1061.20,0.912,4.74,48.23,0.213
230,478.00,306.00,36.61,122.59,933.16,0.905,4.87,45.86,0.174
231,469.00,38.00,33.80,124.37,759.55,0.858,3.55,40.49,0.228
232,329.00,51.00,53.69,118.01,1914.06,0.825,5.05,63.50,0.223
233,416.00,313.00,30.05,127.75,596.79,0.877,3.80,37.56,0.211
234,367.00,241.00,37.02,122.59,889.76,0.890,4.36,45.20,0.279
235,428.00,178.00,32.98,123.88,733.51,0.898,5.32,43.35,0.360
236,339.00,283.00,32.90,126.38,720.49,0.882,5.16,42.97,0.290
237,350.00,271.00,31.73,125.68,674.91,0.877,5.43,42.18,0.286
238,373.00,144.00,48.32,116.18,1640.62,0.850,1.88,51.86,0.123
239,314.00,162.00,40.47,118.00,1158.85,0.875,5.55,50.62,0.257
240,385.00,84.00,50.28,121.58,1679.69,0.843,2.13,54.53,0.283
241,402.00,257.00,44.05,121.11,1306.42,0.883,4.61,53.27,0.223
242,331.00,154.00,34.28,120.93,813.80,0.870,5.11,42.75,0.292
243,456.00,50.00,39.53,120.90,1078.56,0.843,4.44,48.34,0.205
244,331.00,173.00,42.21,118.87,1254.34,0.888,4.70,50.35,0.201
245,458.00,91.00,41.36,118.00,1169.70,0.880,3.09,47.55,0.142
246,462.00,298.00,31.81,124.89,685.76,0.900,5.01,41.47,0.227
247,317.00,144.00,35.66,120.86,855.03,0.866,5.04,43.01,0.226
248,445.00,214.00,38.65,119.64,1054.69,0.899,4.33,47.06,0.237
249,394.00,307.00,34.93,124.44,826.82,0.913,4.72,44.15,0.210
250,472.00,201.00,35.42,123.53,848.52,0.841,4.15,43.04,0.221
251,491.00,41.00,34.77,123.45,826.82,0.856,5.16,44.75,0.345
252,365.00,98.00,47.53,118.69,1616.75,0.890,3.67,54.18,0.117
253,326.00,307.00,31.14,125.98,659.72,0.911,5.47,41.53,0.307
254,455.00,25.00,44.77,118.77,1384.55,0.890,2.72,49.71,0.102
255,343.00,143.00,29.83,119.44,625.00,0.909,3.05,35.04,0.197
256,468.00,220.00,38.71,121.74,952.69,0.796,5.14,48.69,0.406
257,353.00,501.00,34.20,121.75,813.80,0.898,6.14,45.88,0.258
258,454.00,231.00,32.61,128.16,603.30,0.864,4.73,41.31,0.245
259,345.00,38.00,31.03,124.15,651.04,0.899,5.18,40.24,0.285
260,457.00,191.00,40.30,123.46,952.69,0.796,5.46,50.62,0.202
261,356.00,48.00,28.34,123.90,549.05,0.885,5.36,37.99,0.281
262,324.00,280.00,26.24,131.43,455.73,0.907,5.28,36.49,0.285
263,467.00,260.00,42.78,122.44,1126.30,0.847,4.77,52.08,0.137
264,487.00,251.00,49.89,117.76,1688.37,0.822,4.52,58.20,0.121
265,343.00,72.00,40.13,121.33,965.71,0.865,4.97,49.57,0.281
266,344.00,186.00,29.14,121.38,575.09,0.892,4.50,36.45,0.182
267,359.00,255.00,27.48,128.07,499.13,0.861,4.29,35.95,0.223
268,462.00,314.00,28.86,126.18,572.92,0.865,5.23,38.89,0.201
269,418.00,270.00,40.04,120.46,1015.62,0.856,4.22,47.13,0.172
270,454.00,285.00,30.46,125.34,607.64,0.870,5.39,40.60,0.249
271,458.00,147.00,30.05,122.21,583.77,0.858,4.41,37.27,0.214
272,363.00,60.00,23.65,132.38,373.26,0.927,4.38,32.21,0.318
273,393.00,191.00,34.00,123.11,768.23,0.897,4.81,42.10,0.230
274,438.00,161.00,31.63,125.48,666.23,0.865,4.53,40.35,0.280
275,349.00,170.00,31.15,122.54,685.76,0.882,5.62,41.09,0.266
276,380.00,228.00,33.65,123.27,733.51,0.856,3.72,41.04,0.262
277,451.00,270.00,29.13,125.86,577.26,0.871,5.58,39.51,0.238
278,444.00,176.00,33.93,123.62,768.23,0.868,5.10,43.04,0.281
279,409.00,202.00,41.79,120.30,1152.34,0.844,4.42,49.91,0.294
280,488.00,204.00,32.54,125.50,692.27,0.899,6.23,44.29,0.228
281,481.00,144.00,39.67,116.07,1098.09,0.899,4.11,45.79,0.221
282,347.00,18.00,25.11,132.59,405.82,0.871,5.20,35.48,0.261
283,429.00,198.00,45.08,119.13,1278.21,0.762,2.61,50.30,0.252
284,480.00,175.00,31.58,124.32,681.42,0.864,5.27,41.79,0.288
285,477.00,287.00,40.48,121.74,1069.88,0.836,4.85,49.73,0.170
286,470.00,61.00,28.94,128.69,559.90,0.878,3.50,35.71,0.234
287,381.00,254.00,39.14,122.68,939.67,0.808,3.58,45.54,0.202
288,282.00,54.00,41.05,118.95,1182.73,0.900,4.71,50.48,0.180
289,450.00,248.00,38.32,121.96,909.29,0.864,5.52,48.59,0.206
290,331.00,239.00,25.45,130.63,440.54,0.904,5.16,35.75,0.301
291,377.00,63.00,34.49,125.46,789.93,0.892,5.08,44.65,0.265
292,430.00,223.00,31.98,126.70,677.08,0.889,5.34,42.64,0.237
293,393.00,216.00,38.33,123.23,937.50,0.846,3.54,44.73,0.220
294,453.00,164.00,27.72,128.80,507.81,0.842,4.93,37.56,0.328
295,333.00,268.00,31.16,126.34,644.53,0.880,5.53,41.73,0.316
296,393.00,289.00,31.12,124.26,653.21,0.879,4.94,40.45,0.264
297,365.00,269.00,31.42,124.85,638.02,0.881,5.73,41.80,0.265
298,402.00,71.00,32.94,126.39,698.78,0.856,4.09,41.12,0.313
299,303.00,178.00,33.32,123.28,735.68,0.879,4.25,40.36,0.224
300,270.00,21.00,27.95,127.78,520.83,0.898,4.65,36.38,0.243
301,97.00,216.00,30.81,126.11,653.21,0.892,5.44,41.24,0.312
302,57.00,225.00,31.70,117.57,700.95,0.879,4.48,38.31,0.176
303,143.00,56.00,28.14,128.95,538.19,0.892,3.77,35.42,0.410
304,70.00,254.00,27.11,116.87,501.30,0.890,1.66,27.38,0.164
305,24.00,93.00,29.83,123.44,607.64,0.917,4.65,38.55,0.293
306,49.00,35.00,36.12,116.42,937.50,0.883,6.01,45.74,0.233
307,223.00,282.00,29.83,128.26,594.62,0.897,3.61,36.76,0.215
308,283.00,115.00,43.80,120.06,1336.81,0.913,5.50,53.96,0.373
309,129.00,298.00,32.61,121.95,729.17,0.893,5.03,41.37,0.341
310,27.00,212.00,41.17,114.04,1121.96,0.877,3.00,44.68,0.180
311,290.00,283.00,24.54,133.75,386.28,0.856,3.12,30.78,0.241
312,197.00,133.00,38.75,120.72,1043.84,0.897,5.00,47.96,0.241
313,197.00,35.00,38.60,124.11,915.80,0.827,4.81,47.79,0.289
314,164.00,36.00,29.83,126.60,581.60,0.878,5.47,40.07,0.311
315,107.00,27.00,29.12,119.87,570.75,0.885,6.10,38.75,0.205
316,57.00,93.00,30.24,125.54,633.68,0.875,4.96,39.74,0.281
317,148.00,42.00,31.34,125.47,677.08,0.902,4.60,40.42,0.287
318,83.00,81.00,29.23,127.17,585.94,0.884,5.50,39.64,0.294
319,38.00,48.00,31.26,117.69,679.25,0.882,4.40,38.04,0.226
320,111.00,42.00,33.15,121.68,740.02,0.885,4.62,40.97,0.248
321,294.00,234.00,33.14,122.22,722.66,0.894,4.41,40.07,0.229
322,177.00,135.00,41.06,118.80,1141.49,0.885,4.59,49.26,0.223
323,282.00,34.00,40.23,119.98,1076.39,0.882,4.07,47.98,0.363
324,302.00,42.00,37.99,119.45,1015.62,0.891,4.83,46.38,0.265
325,234.00,269.00,40.07,122.87,1046.01,0.833,5.68,50.88,0.279
326,171.00,271.00,34.67,121.95,802.95,0.878,5.31,43.61,0.216
327,140.00,312.00,39.31,120.08,1065.54,0.890,5.01,48.84,0.226
328,300.00,154.00,27.95,128.30,546.88,0.943,3.44,34.83,0.207
329,91.00,33.00,31.67,122.80,696.61,0.874,3.53,37.29,0.212
330,166.00,153.00,48.14,118.57,1516.93,0.835,2.61,53.04,0.119
331,81.00,194.00,45.18,117.56,1312.93,0.872,5.05,54.24,0.244
332,162.00,76.00,29.14,128.95,594.62,0.897,2.93,34.91,0.276
333,304.00,61.00,39.70,120.18,1111.11,0.885,5.66,49.89,0.254
334,257.00,262.00,35.50,124.19,820.31,0.858,3.58,42.18,0.299
335,180.00,297.00,57.89,116.58,2152.78,0.762,2.46,62.81,0.110
336,73.00,11.00,31.37,120.93,696.61,0.905,6.05,42.17,0.202
337,266.00,45.00,33.95,123.30,781.25,0.882,5.11,43.38,0.257
338,305.00,278.00,39.67,122.59,1032.99,0.846,4.37,48.25,0.216
339,191.00,115.00,36.40,119.90,904.95,0.897,3.64,42.55,0.207
340,132.00,88.00,30.98,124.47,653.21,0.879,3.53,37.11,0.246
341,266.00,122.00,30.26,126.99,629.34,0.901,4.04,38.28,0.277
342,114.00,88.00,42.24,118.33,1234.81,0.881,5.00,51.24,0.211
343,187.00,243.00,27.95,124.09,538.19,0.928,5.68,39.31,0.235
344,427.00,371.00,40.35,122.15,1002.60,0.845,2.80,83.44,0.296
345,69.00,174.00,25.09,125.32,386.28,0.818,3.53,29.46,0.200
346,81.00,177.00,25.54,128.08,436.20,0.895,3.95,32.86,0.233
347,456.00,71.00,44.15,119.01,1360.68,0.890,2.49,87.92,0.219
348,248.00,77.00,31.98,126.20,659.72,0.836,4.24,39.86,0.236
349,172.00,8.00,27.50,126.62,492.62,0.826,5.04,36.52,0.291
350,110.00,224.00,25.54,132.88,444.88,0.913,4.58,34.69,0.287
351,222.00,256.00,26.10,128.76,473.09,0.902,4.93,35.97,0.286
352,97.00,49.00,29.44,122.41,579.43,0.898,5.27,38.30,0.275
353,54.00,55.00,26.86,124.12,470.92,0.871,2.65,30.33,0.190
354,308.00,237.00,25.25,128.77,412.33,0.914,5.57,35.29,0.355
355,296.00,28.00,23.75,133.09,384.11,0.840,4.46,32.67,0.236
356,208.00,213.00,29.28,117.55,585.94,0.884,2.64,33.70,0.193
357,18.00,79.00,24.42,125.90,394.97,0.837,5.45,34.20,0.294
358,86.00,60.00,31.29,124.59,668.40,0.923,4.39,38.65,0.266
359,216.00,31.00,23.65,133.50,377.60,0.938,3.64,30.73,0.252
360,154.00,281.00,31.27,123.13,648.87,0.843,6.02,41.99,0.274
361,303.00,134.00,33.73,124.69,735.68,0.879,4.05,41.04,0.266
362,268.00,108.00,24.49,129.15,403.65,0.855,4.54,33.03,0.250
363,62.00,206.00,44.15,116.48,1265.19,0.799,5.37,53.12,0.180
364,13.00,145.00,38.62,116.05,1030.82,0.886,5.74,48.90,0.281
365,60.00,241.00,29.83,114.68,620.66,0.902,3.49,33.66,0.158
366,153.00,301.00,27.56,126.10,518.66,0.921,5.06,36.96,0.246
367,41.00,64.00,34.92,117.60,837.67,0.876,6.23,44.64,0.297
368,197.00,315.00,31.13,124.10,648.87,0.873,4.87,39.89,0.267
369,112.00,175.00,28.12,126.86,542.53,0.899,5.38,38.58,0.303
370,16.00,261.00,33.91,113.56,794.27,0.869,4.41,41.16,0.237
371,98.00,231.00,24.82,132.19,416.67,0.883,4.89,34.32,0.247
372,31.00,154.00,38.56,119.00,954.86,0.848,5.19,47.29,0.270
373,118.00,201.00,27.38,129.15,494.79,0.889,4.29,35.76,0.349
374,68.00,81.00,28.94,128.65,540.36,0.906,4.69,37.83,0.309
375,48.00,82.00,25.17,128.28,438.37,0.929,5.49,35.42,0.333
376,230.00,141.00,47.55,118.75,1588.54,0.909,2.18,51.92,0.133
377,8.00,130.00,26.15,125.70,453.56,0.931,5.96,37.09,0.326
378,210.00,16.00,33.07,120.05,761.72,0.911,3.91,39.17,0.239
379,153.00,204.00,49.71,116.32,1766.49,0.915,4.70,58.69,0.097
380,28.00,135.00,32.41,122.80,625.00,0.863,5.48,41.93,0.316
381,187.00,154.00,44.73,119.75,1291.23,0.824,3.95,52.06,0.151
382,218.00,244.00,24.17,129.16,386.28,0.856,5.48,33.95,0.280
383,179.00,35.00,29.41,125.58,581.60,0.845,4.67,38.74,0.354
384,305.00,222.00,33.33,121.58,772.57,0.873,4.82,42.19,0.275
385,139.00,286.00,30.85,121.40,659.72,0.879,5.09,40.13,0.276
386,80.00,299.00,35.61,120.89,811.63,0.848,4.37,43.66,0.357
387,260.00,92.00,43.75,119.98,1375.87,0.884,4.36,52.25,0.181
388,256.00,154.00,47.58,118.44,1590.71,0.856,1.98,50.91,0.110
389,252.00,111.00,41.87,120.72,1252.17,0.894,5.42,52.08,0.213
390,49.00,273.00,52.84,113.18,1968.32,0.844,4.00,60.85,0.104
391,231.00,20.00,46.34,117.36,1514.76,0.897,5.44,55.47,0.175
392,188.00,275.00,35.75,121.17,902.78,0.887,5.15,44.70,0.190
393,112.00,241.00,46.49,115.91,1547.31,0.860,2.29,51.08,0.116
394,261.00,64.00,45.45,118.80,1440.97,0.873,5.94,56.09,0.221
395,162.00,56.00,51.45,117.88,1883.68,0.871,4.84,61.14,0.171
396,80.00,215.00,36.65,121.39,902.78,0.850,5.18,45.97,0.232
397,192.00,90.00,41.54,119.25,1256.51,0.897,4.68,50.29,0.168
398,98.00,110.00,42.57,119.16,1276.04,0.894,4.20,50.66,0.186
399,144.00,74.00,45.07,118.40,1443.14,0.890,3.71,52.49,0.130
400,180.00,72.00,44.95,119.45,1423.61,0.872,4.72,54.38,0.176
401,203.00,66.00,49.84,118.40,1733.94,0.821,4.57,58.38,0.130
402,210.00,269.00,46.56,117.75,1488.72,0.806,5.64,56.95,0.190
403,312.00,252.00,37.70,121.85,957.03,0.857,5.95,49.07,0.328
404,295.00,300.00,48.45,118.39,1662.33,0.889,4.11,56.67,0.260
405,187.00,258.00,34.66,122.23,811.63,0.876,4.94,44.54,0.340
406,144.00,255.00,42.13,116.06,1250.00,0.885,2.83,45.94,0.135
407,102.00,137.00,42.05,116.64,1243.49,0.865,3.50,47.51,0.152
408,158.00,132.00,35.65,117.54,900.61,0.893,1.80,37.39,0.171
409,180.00,173.00,37.51,120.92,991.75,0.888,5.74,47.96,0.166
410,159.00,177.00,52.13,117.58,1888.02,0.838,2.85,57.84,0.085
411,233.00,163.00,46.18,117.12,1493.06,0.884,1.99,49.01,0.110
412,25.00,33.00,36.92,112.89,1002.60,0.916,3.29,41.59,0.182
413,222.00,46.00,47.14,117.59,1597.22,0.894,5.00,55.54,0.168
414,203.00,172.00,56.08,115.39,2278.65,0.883,2.76,61.49,0.074
415,215.00,92.00,51.08,117.15,1838.11,0.909,2.74,56.23,0.094
416,238.00,94.00,45.14,119.52,1471.35,0.871,4.14,53.42,0.126
417,293.00,194.00,46.79,116.59,1564.67,0.890,1.90,50.43,0.104
418,282.00,93.00,42.92,119.42,1295.57,0.869,3.92,50.75,0.230
419,173.00,218.00,44.64,117.43,1440.97,0.882,0.02,44.67,0.093
420,210.00,149.00,44.76,117.88,1414.93,0.887,3.11,50.28,0.153
421,177.00,195.00,51.99,116.94,1968.32,0.886,5.14,62.22,0.075
422,20.00,185.00,42.70,113.02,1293.40,0.883,5.44,51.01,0.162
423,121.00,262.00,47.68,116.26,1649.31,0.902,1.06,49.52,0.062
424,81.00,235.00,48.17,115.91,1651.48,0.889,2.83,52.59,0.101
425,125.00,217.00,44.27,118.45,1334.64,0.873,2.53,48.87,0.188
426,288.00,74.00,41.22,120.49,1193.58,0.891,4.33,49.45,0.199
427,43.00,252.00,37.22,117.00,963.54,0.881,1.18,38.39,0.159
428,175.00,100.00,37.64,120.58,970.05,0.894,3.55,43.20,0.205
429,259.00,304.00,36.59,123.67,935.33,0.899,3.50,43.42,0.208
430,265.00,185.00,44.15,116.26,1410.59,0.907,0.03,44.20,0.109
431,170.00,253.00,40.19,118.11,1119.79,0.892,2.72,43.50,0.151
432,39.00,232.00,46.45,113.98,1536.46,0.868,2.30,51.06,0.118
433,11.00,109.00,35.27,117.85,872.40,0.884,4.48,43.57,0.240
434,232.00,119.00,42.58,118.92,1265.19,0.880,3.93,49.37,0.160
435,206.00,230.00,41.32,118.37,1167.53,0.849,2.94,46.43,0.178
436,93.00,16.00,41.18,117.77,1141.49,0.875,6.15,51.14,0.275
437,56.00,111.00,43.17,116.68,1289.06,0.858,4.77,51.73,0.217
438,242.00,306.00,27.95,129.94,533.85,0.921,4.47,36.90,0.242
439,19.00,291.00,42.13,112.23,1236.98,0.876,4.53,47.98,0.209
440,274.00,290.00,46.70,119.57,1499.57,0.825,5.10,56.90,0.325
441,243.00,54.00,37.83,121.71,993.92,0.897,5.19,47.29,0.225
442,83.00,146.00,45.06,116.76,1395.40,0.860,2.66,49.15,0.138
443,72.00,36.00,45.44,116.54,1458.33,0.893,3.06,50.72,0.192
444,283.00,268.00,41.37,121.64,1108.94,0.834,5.13,50.49,0.302
445,56.00,130.00,35.15,121.38,848.52,0.907,4.98,43.82,0.220
446,14.00,165.00,43.95,113.72,1321.61,0.865,3.62,49.50,0.217
447,257.00,280.00,31.26,127.14,618.49,0.832,4.34,39.04,0.276
448,299.00,108.00,28.94,126.58,540.36,0.906,3.31,34.18,0.203
449,33.00,80.00,32.94,120.53,753.04,0.871,5.17,42.95,0.264
450,225.00,208.00,31.91,115.56,707.47,0.866,-15.95,0.00,0.000
451,115.00,121.00,42.98,116.94,1328.12,0.884,3.09,49.17,0.129
452,241.00,290.00,37.14,124.86,909.29,0.838,4.45,46.03,0.250
453,186.00,52.00,40.50,121.95,1100.26,0.860,4.63,48.68,0.214
454,84.00,126.00,39.71,118.54,1080.73,0.861,3.51,44.67,0.170
455,124.00,58.00,49.64,117.24,1714.41,0.861,5.20,59.27,0.201
456,254.00,28.00,40.49,117.93,1163.19,0.902,5.38,49.76,0.206
457,157.00,93.00,42.01,118.10,1234.81,0.881,4.87,51.75,0.082
458,276.00,310.00,37.10,121.38,965.71,0.865,4.38,45.42,0.321
459,251.00,132.00,41.87,120.01,1260.85,0.900,5.20,52.13,0.192
460,203.00,249.00,36.85,120.88,933.16,0.905,5.21,45.87,0.238
461,280.00,148.00,54.97,116.68,2126.74,0.864,5.59,64.47,0.154
462,99.00,313.00,36.29,120.93,887.59,0.854,5.12,46.11,0.258
463,175.00,117.00,32.13,122.19,711.81,0.902,4.75,40.07,0.218
464,223.00,302.00,52.91,117.79,1972.66,0.870,4.84,62.18,0.153
465,165.00,377.00,35.11,119.80,818.14,0.837,5.17,43.67,0.249
466,126.00,104.00,40.07,118.11,1141.49,0.861,3.75,45.72,0.195
467,102.00,199.00,35.69,122.98,904.95,0.897,5.45,46.59,0.326
468,211.00,118.00,44.26,117.50,1367.19,0.879,2.77,48.68,0.154
469,76.00,100.00,52.71,116.55,1948.78,0.909,3.83,59.87,0.158
470,96.00,92.00,31.95,125.96,711.81,0.902,5.39,42.26,0.246
471,284.00,173.00,47.14,119.25,1551.65,0.862,3.35,53.47,0.130
472,96.00,173.00,35.31,121.24,822.48,0.908,5.50,44.74,0.256
473,227.00,70.00,51.46,117.98,1792.53,0.836,5.24,61.52,0.129
474,29.00,14.00,43.54,112.90,1330.30,0.870,3.88,48.95,0.214
475,99.00,74.00,43.42,120.02,1280.38,0.844,5.06,53.11,0.265
476,222.00,453.00,52.21,114.80,1955.30,0.881,4.53,61.26,0.112
477,211.00,286.00,30.61,137.10,475.26,0.766,2.53,35.68,0.182
478,495.00,488.00,31.73,149.96,546.88,0.844,3.02,37.10,0.133
479,491.00,476.00,30.97,120.02,479.60,0.804,3.73,37.29,0.207
480,385.00,488.00,31.73,160.36,590.28,0.877,3.29,38.31,0.184
481,425.00,426.00,39.53,122.40,1046.01,0.867,3.35,78.53,0.308
482,111.00,334.00,44.82,118.12,1391.06,0.858,4.52,53.32,0.139
483,128.00,353.00,53.66,116.62,2026.91,0.900,5.18,63.78,0.119
484,204.00,423.00,47.70,118.64,1629.77,0.897,3.59,54.69,0.119
485,190.00,442.00,47.33,118.59,1577.69,0.868,4.46,56.10,0.126
486,150.00,440.00,47.45,117.57,1564.67,0.881,5.44,57.20,0.183
487,154.00,348.00,37.81,118.67,1015.62,0.891,4.04,44.19,0.168
488,204.00,349.00,47.99,117.66,1647.14,0.886,4.98,57.16,0.148
489,224.00,365.00,53.36,118.31,2037.76,0.891,4.54,61.94,0.060
490,402.00,257.00,45.24,121.65,1375.87,0.854,3.69,93.29,0.254
491,430.00,478.00,42.41,123.54,974.39,0.774,4.95,82.97,0.306
492,225.00,208.00,32.61,119.95,737.85,0.903,-14.24,36.78,0.038
493,31.00,378.00,51.25,113.09,1855.47,0.861,4.57,60.39,0.145
494,144.00,74.00,46.26,119.41,1525.61,0.868,2.56,77.34,0.313
495,187.00,258.00,35.73,121.84,850.69,0.889,3.13,68.42,0.314
496,128.00,387.00,39.34,120.23,989.58,0.893,3.74,45.73,0.220
497,245.00,395.00,39.32,121.35,1078.56,0.901,4.73,48.78,0.353
498,189.00,390.00,39.61,112.28,1093.75,0.906,6.23,50.08,0.265
499,181.00,421.00,45.88,119.76,1391.06,0.879,5.04,55.02,0.212
500,48.00,449.00,45.64,112.19,1484.38,0.879,2.30,50.13,0.187
501,239.00,414.00,39.26,120.92,1072.05,0.903,4.01,46.58,0.185
502,27.00,449.00,37.56,110.80,987.41,0.910,4.31,43.19,0.223
503,257.00,324.00,47.95,119.57,1577.69,0.868,3.77,55.07,0.162
504,245.00,438.00,36.75,120.83,915.80,0.889,3.17,41.78,0.238
505,287.00,347.00,36.04,123.99,837.67,0.876,5.64,47.33,0.264
506,311.00,316.00,34.69,123.92,835.50,0.893,5.41,45.20,0.268
507,269.00,341.00,36.00,125.44,792.10,0.836,2.90,41.28,0.211
508,49.00,430.00,32.94,114.56,737.85,0.861,3.88,39.32,0.222
509,59.00,313.00,44.62,116.70,1349.83,0.868,2.54,49.66,0.156
510,249.00,474.00,41.22,118.23,1176.22,0.902,4.80,50.48,0.271
511,119.00,315.00,44.07,119.09,1362.85,0.876,3.82,51.58,0.150
512,227.00,397.00,32.94,123.95,766.06,0.886,4.41,41.63,0.315
513,171.00,457.00,45.29,118.39,1488.72,0.902,5.01,55.23,0.141
514,249.00,374.00,39.75,120.74,1098.09,0.899,2.55,44.85,0.151
515,81.00,318.00,41.09,119.61,1156.68,0.880,4.94,50.97,0.356
516,104.00,437.00,49.21,116.23,1720.92,0.897,1.12,51.45,0.067
517,88.00,374.00,40.09,118.42,1085.07,0.841,5.66,50.43,0.227
518,227.00,430.00,44.04,118.62,1395.40,0.882,3.81,51.58,0.108
519,264.00,444.00,43.84,117.79,1380.21,0.887,-6.43,30.97,0.049
520,194.00,490.00,44.04,119.29,1375.87,0.884,5.18,54.05,0.193
521,147.00,161.00,24.30,132.18,390.62,0.907,5.47,34.74,0.341
522,184.00,358.00,35.84,117.95,911.46,0.884,6.13,46.62,0.247
523,170.00,438.00,33.41,124.69,768.23,0.868,4.35,41.70,0.230
524,294.00,366.00,46.16,119.38,1484.38,0.879,5.17,56.05,0.175
525,28.00,467.00,35.52,113.65,855.03,0.866,5.05,42.97,0.235
526,111.00,369.00,41.83,118.81,1197.92,0.839,3.90,49.57,0.179
527,174.00,495.00,35.78,121.36,878.91,0.899,4.27,43.33,0.207
528,11.00,275.00,28.75,117.66,562.07,0.906,3.71,33.86,0.245
529,27.00,251.00,24.70,116.23,410.16,0.897,1.60,26.74,0.173
530,60.00,22.00,30.09,123.60,618.49,0.909,4.29,37.56,0.256
531,304.00,78.00,24.59,132.28,416.67,0.883,4.06,32.72,0.279
532,236.00,230.00,26.10,122.39,473.09,0.902,3.81,31.86,0.205
533,202.00,298.00,32.96,122.98,737.85,0.935,4.01,40.16,0.200
534,282.00,54.00,42.51,119.35,1254.34,0.888,4.08,88.33,0.313
535,269.00,252.00,25.77,126.71,449.22,0.883,4.93,34.68,0.254
536,469.00,239.00,41.91,121.12,1187.07,0.870,4.45,88.12,0.396
537,231.00,141.00,49.66,118.51,1681.86,0.885,-1.89,89.96,0.112
538,284.00,252.00,23.53,132.76,373.26,0.927,5.79,34.67,0.325
539,13.00,246.00,28.36,113.50,536.02,0.864,4.06,34.17,0.168
540,75.00,69.00,25.86,127.90,444.88,0.913,4.97,34.90,0.345
541,136.00,204.00,25.35,128.55,386.28,0.783,4.61,33.18,0.370
542,272.00,78.00,26.34,132.03,460.07,0.916,2.92,32.18,0.220
543,222.00,232.00,23.75,128.78,364.58,0.863,4.57,31.58,0.239
544,448.00,328.00,53.68,119.67,2024.74,0.893,3.75,100.33,0.194
545,385.00,84.00,51.32,121.84,1770.83,0.870,-1.75,86.44,0.200
546,328.00,114.00,59.29,117.54,2567.27,0.897,0.32,98.82,0.133
547,104.00,437.00,50.20,117.06,1803.39,0.900,1.18,80.47,0.266
548,313.00,208.00,30.11,118.79,590.28,0.891,2.13,33.45,0.195
549,354.00,356.00,16.80,136.48,167.10,0.909,5.16,26.68,0.360
550,245.00,277.00,16.03,145.43,156.25,0.895,5.42,26.68,0.400
551,298.00,416.00,117.82,116.45,9748.26,0.788,2.27,122.35,0.100
552,258.00,389.00,16.23,142.27,164.93,0.879,3.71,23.40,0.275
553,346.00,361.00,16.80,141.36,167.10,0.847,4.06,24.45,0.337
554,245.00,182.00,10.52,129.59,62.93,0.898,-5.26,0.00,0.013
555,120.00,23.00,6.59,129.83,30.38,0.943,-3.29,0.00,0.000
556,456.00,11.00,18.28,132.18,214.84,0.871,0.88,19.35,0.144
557,86.00,71.00,13.98,132.35,117.19,0.878,5.50,23.80,0.397
558,247.00,269.00,13.75,144.29,110.68,0.881,4.62,22.85,0.462
559,320.00,396.00,20.91,111.86,273.44,0.871,3.67,27.18,0.303
560,157.00,93.00,43.75,119.42,1330.30,0.870,3.53,78.31,0.248
561,504.00,253.00,8.84,127.80,36.89,0.820,-4.42,0.00,0.016
562,52.00,392.00,59.06,115.45,2211.37,0.823,3.14,102.68,0.245
563,335.00,38.00,13.51,112.52,102.00,0.812,2.56,18.63,0.395
564,434.00,188.00,9.32,108.50,47.74,0.840,3.51,16.34,0.409
565,410.00,243.00,11.22,99.68,73.78,0.871,-0.18,10.62,0.170
566,336.00,308.00,10.74,120.05,60.76,0.800,5.30,19.65,0.478
567,39.00,170.00,11.53,124.41,82.47,0.879,-5.76,0.00,0.000
568,225.00,114.00,10.45,95.84,52.08,0.809,-0.57,9.32,0.231
569,440.00,40.00,40.77,122.56,1156.68,0.880,3.80,87.45,0.310
570,499.00,468.00,22.44,128.23,329.86,0.879,4.99,31.78,0.259
571,309.00,304.00,14.21,149.61,112.85,0.846,4.23,22.46,0.351
572,404.00,343.00,15.38,139.11,143.23,0.820,3.60,22.44,0.176
573,39.00,170.00,10.02,130.40,56.42,0.876,-5.01,0.00,0.000
574,274.00,290.00,48.19,120.26,1573.35,0.895,4.28,92.57,0.326
575,391.00,152.00,16.28,140.19,158.42,0.862,4.30,24.44,0.267
576,202.00,502.00,17.29,135.20,184.46,0.818,3.58,23.02,0.235
577,180.00,233.00,18.19,126.69,212.67,0.901,4.15,25.09,0.181
578,477.00,335.00,15.38,141.70,138.89,0.857,3.83,22.76,0.290
579,264.00,444.00,45.90,121.49,1462.67,0.866,-0.46,90.35,0.147
580,72.00,309.00,15.23,133.62,123.70,0.807,3.64,20.64,0.387
581,353.00,313.00,13.42,144.81,97.66,0.850,2.91,19.24,0.538
582,420.00,67.00,42.34,123.21,1276.04,0.871,3.53,79.82,0.396
583,245.00,261.00,13.98,140.54,117.19,0.878,5.86,25.09,0.465
584,322.00,430.00,17.68,119.47,167.10,0.823,3.48,21.97,0.375
585,461.00,487.00,22.15,131.01,305.99,0.827,5.05,31.03,0.306
586,503.00,441.00,17.92,140.40,197.48,0.910,3.28,24.49,0.215
587,323.00,386.00,20.76,136.09,277.78,0.885,5.15,30.99,0.284
588,497.00,376.00,21.45,135.76,301.65,0.925,3.49,28.08,0.217
589,473.00,470.00,21.08,133.05,290.80,0.859,4.20,29.48,0.271
590,327.00,439.00,19.71,140.09,240.89,0.896,5.77,31.25,0.280
591,278.00,393.00,22.59,120.97,323.35,0.920,3.20,28.94,0.295
592,300.00,334.00,13.34,147.47,95.49,0.780,5.04,22.22,0.325
593,462.00,387.00,11.88,116.69,75.95,0.834,3.95,17.92,0.423
594,399.00,354.00,17.24,135.95,188.80,0.894,5.05,26.89,0.316
595,341.00,369.00,19.36,138.76,232.20,0.815,5.41,30.05,0.276
596,375.00,216.00,13.98,126.06,97.66,0.777,1.66,16.80,0.115
597,325.00,461.00,15.02,124.85,123.70,0.807,4.67,23.29,0.446
598,475.00,367.00,11.53,139.92,73.78,0.871,4.44,19.40,0.386
599,396.00,408.00,19.84,134.67,243.06,0.867,4.34,28.39,0.268
600,443.00,373.00,22.22,133.06,323.35,0.874,3.84,29.83,0.194
601,463.00,476.00,21.45,132.37,301.65,0.925,5.39,31.70,0.290
602,391.00,348.00,22.18,135.59,301.65,0.858,2.79,27.76,0.229
603,353.00,313.00,14.79,133.08,123.70,0.834,3.79,21.58,0.550
604,326.00,341.00,21.45,137.23,301.65,0.925,4.19,29.83,0.250
605,355.00,331.00,20.90,136.49,290.80,0.927,5.10,31.10,0.275
606,225.00,478.00,19.79,130.28,262.59,0.870,5.00,28.63,0.260
607,453.00,453.00,13.48,133.18,106.34,0.846,4.54,21.75,0.318
608,346.00,394.00,22.85,132.68,336.37,0.909,4.77,31.50,0.289
609,455.00,206.00,13.96,145.00,119.36,0.873,4.78,23.52,0.275
610,374.00,392.00,18.15,139.22,201.82,0.871,4.85,27.65,0.280
611,443.00,421.00,40.97,121.78,1035.16,0.865,4.93,81.70,0.321
612,412.00,486.00,15.02,141.77,123.70,0.807,4.29,22.56,0.296
613,364.00,213.00,15.99,117.48,134.55,0.771,3.19,21.47,0.146
614,278.00,409.00,12.15,104.77,93.32,0.927,-6.07,0.00,0.000
615,365.00,484.00,11.88,130.46,84.64,0.841,5.28,21.08,0.407
616,216.00,401.00,17.98,139.82,171.44,0.760,3.68,25.35,0.193
617,335.00,391.00,15.38,135.70,138.89,0.857,5.20,25.43,0.347
618,325.00,462.00,12.77,140.65,95.49,0.887,4.03,20.83,0.447
619,340.00,7.00,20.86,137.07,258.25,0.836,5.56,31.36,0.294
620,488.00,323.00,19.21,136.21,234.38,0.910,3.91,26.60,0.269
621,443.00,405.00,22.64,134.16,332.03,0.897,4.58,31.80,0.276
622,468.00,347.00,50.33,120.79,1757.81,0.820,4.09,86.65,0.257
623,431.00,322.00,24.36,133.85,353.73,0.891,1.98,27.26,0.166
624,235.00,475.00,17.92,135.11,180.12,0.830,6.08,28.45,0.343
625,312.00,400.00,8.59,118.62,43.40,0.925,-1.00,6.59,0.714
626,193.00,291.00,12.92,112.48,97.66,0.882,5.02,20.45,0.371
627,400.00,419.00,17.15,138.60,186.63,0.901,5.70,28.54,0.297
628,316.00,5.00,6.59,119.89,19.53,0.832,-3.29,0.00,0.000
629,60.00,184.00,10.80,122.55,62.93,0.802,1.99,13.30,0.146
630,142.00,183.00,13.18,144.82,104.17,0.883,4.62,21.77,0.280
631,6.00,294.00,9.32,129.53,45.57,0.880,0.95,11.22,0.075
632,90.00,207.00,15.39,138.04,149.74,0.839,4.25,23.39,0.615
633,293.00,247.00,15.56,139.07,154.08,0.864,5.21,25.78,0.386
634,307.00,30.00,18.27,134.92,206.16,0.890,4.78,26.79,0.370
635,124.00,122.00,9.05,106.31,41.23,0.796,-3.49,2.08,0.087
636,133.00,132.00,12.15,121.61,95.49,0.887,2.32,16.80,0.147
637,142.00,298.00,24.49,128.63,301.65,0.760,4.76,34.01,0.306
638,263.00,155.00,6.59,123.36,26.04,0.809,-3.29,0.00,0.000
639,231.00,219.00,6.59,134.33,30.38,0.943,-3.29,0.00,0.000
640,240.00,35.00,12.15,124.21,84.64,0.841,3.33,17.07,0.217
641,94.00,189.00,15.19,138.67,141.06,0.791,4.88,24.54,0.364
642,109.00,293.00,16.03,133.94,160.59,0.920,5.11,24.27,0.312
643,293.00,274.00,11.22,146.25,71.61,0.913,4.84,20.90,0.500
644,143.00,275.00,15.87,134.83,154.08,0.930,3.36,21.00,0.245
645,254.00,292.00,15.99,144.98,156.25,0.895,5.68,27.23,0.344
646,307.00,123.00,15.02,122.31,123.70,0.807,3.13,20.24,0.202
647,198.00,262.00,13.42,138.69,97.66,0.850,5.80,23.75,0.310
648,264.00,140.00,20.64,137.33,269.10,0.858,3.92,27.82,0.244
649,70.00,144.00,14.27,114.23,125.87,0.868,3.62,19.39,0.278
650,158.00,26.00,15.02,137.79,136.72,0.892,5.03,23.75,0.310
651,81.00,24.00,17.92,136.45,197.48,0.910,3.41,23.68,0.323
652,152.00,403.00,23.08,133.31,338.54,0.841,4.11,31.30,0.276
653,137.00,431.00,20.60,137.37,277.78,0.885,3.39,27.24,0.270
654,23.00,345.00,21.45,124.77,308.16,0.910,5.33,31.25,0.253
655,230.00,249.00,12.44,156.34,86.81,0.806,3.77,19.98,0.591
656,119.00,288.00,21.57,124.39,305.99,0.890,4.33,28.02,0.248
657,53.00,333.00,22.32,125.36,329.86,0.861,4.48,29.61,0.255
658,213.00,334.00,21.25,134.39,297.31,0.864,4.29,29.83,0.263
659,164.00,318.00,20.32,122.68,275.61,0.913,2.92,24.11,0.194
660,153.00,378.00,16.27,141.80,128.04,0.808,5.18,24.33,0.405
661,301.00,343.00,20.45,136.75,249.57,0.876,4.48,28.67,0.268
662,265.00,485.00,22.88,133.54,342.88,0.852,3.56,29.93,0.199
663,40.00,338.00,19.85,124.23,260.42,0.877,3.56,25.47,0.224
664,173.00,45.00,16.80,133.76,169.27,0.765,5.15,25.77,0.458
665,292.00,455.00,55.30,119.89,2154.95,0.880,1.28,57.85,0.049
666,82.00,352.00,51.77,116.13,1868.49,0.859,2.64,56.87,0.143
667,52.00,393.00,56.67,113.76,2065.97,0.794,1.77,60.22,0.153
668,112.00,167.00,7.51,150.33,26.04,0.754,4.84,16.27,0.500
669,17.00,17.00,7.66,123.31,32.55,0.898,0.00,6.59,0.067
670,44.00,126.00,17.31,132.84,190.97,0.863,5.29,27.30,0.379
671,57.00,5.00,6.59,134.10,23.87,0.840,-3.29,0.00,0.000
672,277.00,130.00,23.05,133.03,351.56,0.832,4.98,32.58,0.268
673,54.00,71.00,22.20,131.93,301.65,0.858,5.95,32.54,0.299
674,146.00,29.00,19.26,130.46,214.84,0.849,4.30,25.43,0.258
675,135.00,46.00,20.76,135.76,282.12,0.899,5.30,30.85,0.354
676,294.00,257.00,20.04,134.11,262.59,0.870,5.25,30.05,0.381
677,23.00,115.00,19.98,132.63,247.40,0.834,5.80,31.26,0.333
678,136.00,204.00,23.95,134.56,353.73,0.891,3.81,31.57,0.353
679,177.00,23.00,17.92,139.98,188.80,0.870,4.60,26.07,0.364
680,134.00,163.00,21.58,135.99,290.80,0.859,5.13,31.11,0.297
681,98.00,291.00,21.12,127.24,292.97,0.898,5.08,29.61,0.243
682,198.00,20.00,19.89,136.15,258.25,0.906,6.33,31.29,0.360
683,137.00,152.00,21.67,133.56,303.82,0.897,4.92,30.76,0.354
684,269.00,274.00,20.62,131.88,273.44,0.871,5.03,30.05,0.301
685,131.00,248.00,23.00,126.51,353.73,0.910,0.97,24.39,0.138
686,46.00,99.00,19.21,135.42,234.38,0.910,4.36,27.36,0.275
687,98.00,280.00,21.77,121.68,303.82,0.897,2.54,25.13,0.181
688,33.00,122.00,20.84,129.95,271.27,0.879,5.62,30.98,0.370
689,119.00,164.00,23.29,129.17,360.24,0.895,5.75,34.17,0.270
690,110.00,211.00,21.09,135.90,297.31,0.912,4.33,29.75,0.351
691,35.00,112.00,19.81,134.83,247.40,0.883,5.76,30.15,0.348
692,167.00,24.00,21.58,130.64,299.48,0.839,6.18,32.54,0.347
693,124.00,189.00,23.05,131.56,360.24,0.895,5.65,34.35,0.325
694,35.00,100.00,22.67,128.42,332.03,0.854,5.04,31.89,0.293
695,162.00,292.00,22.83,135.05,342.88,0.895,3.04,28.79,0.237
696,112.00,189.00,22.83,134.21,338.54,0.883,4.94,32.56,0.377
697,141.00,172.00,22.37,135.74,308.16,0.845,5.77,33.91,0.291
698,205.00,49.00,22.54,136.38,303.82,0.834,4.77,31.74,0.259
699,172.00,239.00,19.30,130.31,221.35,0.859,3.06,23.29,0.186
700,270.00,264.00,17.15,142.31,186.63,0.901,4.99,27.05,0.346
701,154.00,315.00,15.02,126.14,143.23,0.884,6.45,26.68,0.309
702,90.00,207.00,13.60,152.53,112.85,0.846,3.32,20.25,0.657
703,290.00,134.00,19.84,131.63,245.23,0.860,5.76,30.15,0.268
704,315.00,132.00,18.17,131.28,177.95,0.859,3.88,25.43,0.264
705,132.00,177.00,13.18,140.90,95.49,0.887,5.17,22.22,0.344
706,209.00,311.00,17.15,140.93,182.29,0.880,5.03,26.81,0.305
707,313.00,50.00,16.27,148.00,141.06,0.767,3.94,24.14,0.354
708,230.00,249.00,13.18,145.44,108.51,0.842,5.45,23.75,0.561
709,68.00,302.00,15.53,138.84,145.40,0.878,4.14,23.45,0.409
710,128.00,35.00,21.29,126.10,299.48,0.904,5.22,29.08,0.295
711,19.00,125.00,19.26,131.64,227.86,0.848,5.67,29.61,0.372
712,123.00,176.00,12.15,152.69,88.98,0.884,5.19,22.54,0.352
713,187.00,26.00,16.47,142.41,171.44,0.869,5.09,26.66,0.310
714,135.00,28.00,17.97,122.69,201.82,0.818,3.54,21.86,0.231
715,102.00,186.00,16.36,141.90,162.76,0.885,5.58,26.68,0.425
716,93.00,301.00,18.78,134.67,217.01,0.896,5.01,28.03,0.302
717,188.00,15.00,19.91,134.23,260.42,0.877,4.78,29.24,0.317
718,306.00,20.00,19.65,139.61,247.40,0.834,4.26,28.18,0.208
719,230.00,241.00,19.85,135.43,251.74,0.848,4.45,28.12,0.241
720,109.00,306.00,14.73,141.43,106.34,0.817,4.20,20.55,0.431
721,133.00,184.00,15.02,144.02,141.06,0.920,4.90,24.82,0.363
722,238.00,251.00,17.92,135.76,197.48,0.910,4.43,25.74,0.296
723,132.00,142.00,21.45,126.07,295.14,0.871,2.80,25.28,0.243
724,250.00,248.00,22.56,129.78,319.01,0.862,4.14,29.20,0.269
725,51.00,13.00,21.12,118.19,295.14,0.871,1.23,22.44,0.171
726,379.00,269.00,19.98,136.51,260.42,0.877,5.55,31.01,0.333
727,427.00,148.00,22.44,122.00,292.97,0.852,-0.76,19.76,0.120
728,480.00,162.00,22.70,129.10,314.67,0.851,6.20,34.17,0.296
729,386.00,173.00,18.78,124.75,217.01,0.896,3.35,23.57,0.171
730,490.00,167.00,20.60,130.20,286.46,0.913,5.10,30.23,0.331
731,360.00,177.00,20.64,133.34,256.08,0.863,4.28,27.20,0.254
732,365.00,23.00,52.33,119.85,1950.95,0.905,3.56,94.58,0.196
733,406.00,291.00,21.09,135.05,258.25,0.836,3.62,28.34,0.256
734,462.00,208.00,15.38,142.72,128.04,0.835,5.12,24.61,0.383
735,442.00,190.00,17.31,138.39,193.14,0.915,4.52,26.28,0.325
736,282.00,94.00,43.72,121.77,1341.15,0.893,4.03,94.21,0.318
737,444.00,200.00,20.64,136.97,249.57,0.855,3.95,28.55,0.252
738,441.00,290.00,21.15,137.29,269.10,0.795,3.23,27.61,0.242
739,494.00,183.00,16.80,135.85,173.61,0.898,5.50,26.87,0.342
740,407.00,60.00,18.22,137.17,221.35,0.859,5.20,28.11,0.283
741,337.00,16.00,15.38,141.73,147.57,0.845,4.75,24.66,0.378
742,472.00,187.00,19.65,136.94,238.72,0.852,6.23,31.10,0.296
743,319.00,241.00,18.41,134.92,225.69,0.876,5.01,28.04,0.391
744,320.00,231.00,18.78,136.68,217.01,0.896,5.73,29.61,0.273
745,431.00,263.00,20.19,133.12,251.74,0.848,4.14,27.76,0.229
746,325.00,250.00,17.80,142.32,208.33,0.941,5.39,28.58,0.355
747,491.00,312.00,22.45,135.21,310.33,0.839,3.70,29.73,0.237
748,485.00,189.00,23.36,132.44,338.54,0.883,4.78,32.41,0.247
749,407.00,302.00,21.58,137.09,288.63,0.885,3.77,29.12,0.212
750,345.00,58.00,18.63,144.56,214.84,0.927,4.91,28.46,0.300
751,493.00,61.00,50.35,119.32,1723.09,0.892,4.42,92.82,0.253
752,483.00,216.00,14.73,138.95,125.87,0.777,4.42,23.57,0.303
753,425.00,165.00,19.91,128.42,249.57,0.876,4.85,28.34,0.256
754,422.00,9.00,17.92,141.31,199.65,0.878,4.76,26.68,0.222
755,421.00,221.00,12.15,124.17,62.93,0.767,6.00,20.83,0.390
756,313.00,230.00,8.84,144.93,36.89,0.820,4.16,15.99,0.375
757,501.00,199.00,19.89,107.30,247.40,0.904,3.24,24.46,0.236
758,342.00,208.00,15.49,127.27,149.74,0.904,6.04,25.43,0.200
759,335.00,39.00,11.88,114.19,75.95,0.834,2.46,16.80,0.391
760,330.00,294.00,21.58,136.65,303.82,0.851,4.27,30.11,0.277
761,300.00,251.00,13.34,146.45,93.32,0.812,5.21,23.75,0.431
762,494.00,150.00,17.80,134.37,208.33,0.941,5.15,27.16,0.252
763,443.00,282.00,12.15,147.14,84.64,0.841,4.57,21.01,0.342
764,421.00,208.00,10.52,148.64,62.93,0.898,2.93,16.27,0.164
765,337.00,199.00,14.21,125.24,121.53,0.838,3.75,19.65,0.176
766,357.00,233.00,15.87,141.43,156.25,0.895,4.91,25.68,0.330
767,345.00,48.00,16.27,127.76,128.04,0.808,4.65,25.58,0.359
768,335.00,314.00,15.17,145.65,143.23,0.913,4.68,24.24,0.358
769,326.00,258.00,15.72,144.11,147.57,0.845,4.96,24.79,0.347
770,502.00,242.00,20.83,140.70,258.25,0.792,1.75,23.18,0.110
771,245.00,395.00,39.75,123.41,1102.43,0.903,2.88,76.05,0.411
772,262.00,204.00,5.89,137.75,15.19,0.800,-2.95,0.00,0.000
773,89.00,409.00,8.59,130.94,43.40,0.925,0.00,8.59,0.031
774,248.00,474.00,40.78,118.36,1054.69,0.864,2.56,80.42,0.195
775,302.00,259.00,12.15,150.57,93.32,0.927,4.99,22.12,0.364
776,143.00,453.00,12.81,136.90,95.49,0.809,2.85,17.20,0.244
777,4.00,302.00,6.59,126.90,21.70,0.806,-3.29,0.00,0.000
778,25.00,395.00,15.17,123.21,143.23,0.913,3.80,20.52,0.240
779,167.00,334.00,8.84,131.00,36.89,0.820,-4.42,0.00,0.016
780,98.00,366.00,15.87,141.31,160.59,0.920,3.83,23.53,0.278
781,142.00,495.00,23.29,122.33,347.22,0.906,5.95,33.14,0.274
782,163.00,359.00,18.28,125.44,219.18,0.888,5.26,28.23,0.192
783,134.00,235.00,12.15,124.71,95.49,0.887,-1.42,9.32,0.074
784,13.00,461.00,17.15,119.62,186.63,0.901,4.22,23.57,0.254
785,272.00,323.00,14.78,148.07,132.38,0.863,3.74,22.25,0.329
786,59.00,326.00,15.32,134.03,130.21,0.830,4.56,23.29,0.275
787,306.00,328.00,15.02,148.44,147.57,0.911,4.78,24.57,0.625
788,102.00,300.00,17.97,132.69,197.48,0.852,4.17,24.70,0.430
789,173.00,392.00,20.76,131.56,286.46,0.913,3.26,27.10,0.209
790,36.00,347.00,18.15,129.27,206.16,0.890,5.62,28.11,0.358
791,93.00,324.00,15.02,139.17,136.72,0.892,4.11,23.25,0.350
792,68.00,386.00,15.49,136.86,145.40,0.878,5.24,24.85,0.451
793,77.00,421.00,16.56,126.65,156.25,0.808,3.22,21.54,0.236
794,458.00,175.00,21.45,133.83,316.84,0.936,4.21,29.87,0.333
795,382.00,42.00,54.46,118.61,1994.36,0.855,4.54,63.39,0.168
796,48.00,237.00,7.51,107.45,23.87,0.780,-2.28,2.95,0.091
797,259.00,250.00,13.18,126.82,108.51,0.919,5.79,24.30,0.464
798,60.00,280.00,12.52,115.96,82.47,0.879,4.95,19.21,0.259
799,281.00,226.00,7.51,129.75,26.04,0.754,-3.76,0.00,0.000
800,257.00,244.00,13.18,127.47,108.51,0.919,3.53,17.80,0.232
801,305.00,327.00,16.80,140.54,167.10,0.791,4.97,26.07,0.545
802,295.00,300.00,49.08,120.99,1684.03,0.892,3.96,83.67,0.350
803,242.00,206.00,5.21,142.86,13.02,0.809,-2.60,0.00,0.000
804,244.00,323.00,13.18,135.85,104.17,0.883,4.82,22.44,0.359
805,168.00,420.00,11.53,143.70,82.47,0.879,5.06,21.45,0.364
806,303.00,399.00,6.59,117.83,30.38,0.943,-3.29,0.00,0.000
807,68.00,379.00,11.22,155.27,78.12,0.923,5.46,22.15,0.440
808,14.00,452.00,11.65,116.61,86.81,0.925,5.49,18.89,0.239
809,242.00,205.00,6.59,136.56,19.53,0.832,-3.29,0.00,0.000