Rank,Fluorescent_X,Fluorescent_Y,Fluorescent_Max_Intensity,Fluorescent_Diameter,Fluorescent_Area,Fluorescent_Circularity,Z_Level,Droplets_At_Location,BF_Mask_ID,BF_X,BF_Y,BF_Diameter,BF_Intensity,BF_Area,BF_Circularity,XY_Distance,Match_Status
1,447.0,279.0,56.35,58.45,2476.13,0.888,z_8,17,189.0,447.0,278.0,55.15,121.87,2159.29,0.9,1.0,MATCHED
3,467.0,60.0,52.55,50.49,1805.56,0.887,z_9,16,55.0,467.0,60.0,46.6,124.27,1501.74,0.86,0.0,MATCHED
4,171.0,328.0,51.49,57.95,2460.94,0.894,z_9,17,490.0,171.0,328.0,56.67,114.63,2300.35,0.875,0.0,MATCHED
5,102.0,351.0,51.39,56.5,2335.07,0.905,z_9,16,92.0,102.0,351.0,55.32,114.34,2194.01,0.879,0.0,MATCHED
6,310.0,368.0,50.75,51.28,1901.04,0.887,z_9,16,548.0,310.0,368.0,47.96,123.23,1595.05,0.858,0.0,MATCHED
7,308.0,108.0,50.35,47.85,1668.84,0.898,z_10,15,429.0,308.0,108.0,44.12,122.69,1371.53,0.86,0.0,MATCHED
8,297.0,39.0,49.63,43.67,1367.19,0.879,z_12,14,325.0,297.0,39.0,41.48,118.29,1195.75,0.899,0.0,MATCHED
9,375.0,177.0,49.4,46.2,1493.06,0.884,z_11,15,328.0,374.0,176.0,43.72,116.45,1293.4,0.852,1.4142135623730951,MATCHED
10,403.0,262.0,48.17,44.74,1434.46,0.906,z_11,15,279.0,404.0,263.0,41.87,118.8,1226.13,0.853,1.4142135623730951,MATCHED
12,436.0,299.0,47.1,39.89,1115.45,0.889,z_11,13,306.0,436.0,299.0,36.72,122.18,928.82,0.874,0.0,MATCHED
13,173.0,225.0,47.09,46.9,1579.86,0.905,z_11,14,430.0,173.0,225.0,45.12,117.3,1388.89,0.862,0.0,MATCHED
14,391.0,440.0,47.04,43.96,1369.36,0.896,z_10,14,212.0,391.0,440.0,41.16,123.78,1143.66,0.894,0.0,MATCHED
15,189.0,61.0,46.72,43.66,1330.3,0.87,z_11,14,435.0,189.0,61.0,40.69,118.8,1156.68,0.904,0.0,MATCHED
16,249.0,432.0,46.47,41.1,1187.07,0.903,z_11,13,99.0,249.0,432.0,39.64,114.64,1111.11,0.885,0.0,MATCHED
17,108.0,495.0,46.05,44.54,820.31,0.732,z_11,6,853.0,108.0,495.0,41.74,111.54,707.47,0.73,0.0,MATCHED
18,103.0,24.0,45.53,41.01,1171.88,0.898,z_12,12,505.0,103.0,24.0,38.52,117.58,1006.94,0.873,0.0,MATCHED
19,412.0,177.0,45.27,37.57,978.73,0.876,z_12,13,52.0,412.0,177.0,34.02,122.58,815.97,0.922,0.0,MATCHED
20,131.0,279.0,45.06,42.41,1263.02,0.885,z_12,13,480.0,131.0,279.0,41.72,113.06,1193.58,0.868,0.0,MATCHED
22,181.0,20.0,44.23,45.84,1506.08,0.891,z_11,14,438.0,181.0,20.0,42.18,118.37,1280.38,0.823,0.0,MATCHED
23,59.0,451.0,44.22,39.77,1119.79,0.892,z_12,12,155.0,59.0,451.0,38.95,109.68,1076.39,0.892,0.0,MATCHED
24,226.0,413.0,44.11,39.53,1111.11,0.885,z_11,13,81.0,226.0,414.0,38.86,113.46,1067.71,0.851,1.0,MATCHED
25,279.0,243.0,43.3,40.07,1119.79,0.892,z_11,13,349.0,279.0,243.0,37.29,121.3,957.03,0.882,0.0,MATCHED
26,40.0,232.0,43.09,39.46,1132.81,0.902,z_12,12,594.0,41.0,232.0,38.0,115.04,976.56,0.882,1.0,MATCHED
27,260.0,330.0,42.69,38.43,1035.16,0.927,z_11,13,88.0,260.0,330.0,35.78,122.59,881.08,0.881,0.0,MATCHED
28,468.0,29.0,42.38,28.25,533.85,0.921,z_13,10,307.0,468.0,29.0,26.4,119.31,473.09,0.902,0.0,MATCHED
29,352.0,437.0,42.33,33.85,789.93,0.892,z_12,12,17.0,352.0,437.0,31.75,123.1,668.4,0.923,0.0,MATCHED
30,256.0,227.0,41.89,39.4,1026.48,0.868,z_12,12,371.0,256.0,227.0,37.62,119.48,976.56,0.893,0.0,MATCHED
31,13.0,125.0,41.43,37.1,944.01,0.87,z_12,11,338.0,14.0,125.0,33.59,117.28,770.4,0.891,1.0,MATCHED
33,56.0,44.0,41.25,34.02,800.78,0.926,z_13,10,599.0,56.0,44.0,30.33,116.89,664.06,0.884,0.0,MATCHED
34,121.0,481.0,40.57,33.95,779.08,0.889,z_12,11,101.0,122.0,481.0,31.56,115.25,696.61,0.905,1.0,MATCHED
35,494.0,196.0,40.46,24.78,414.5,0.907,z_13,9,815.0,494.0,196.0,22.76,126.32,338.54,0.841,0.0,MATCHED
36,67.0,75.0,40.36,33.95,783.42,0.865,z_13,10,387.0,67.0,75.0,30.33,119.56,629.34,0.901,0.0,MATCHED
37,210.0,421.0,37.73,29.61,596.79,0.877,z_12,10,23.0,210.0,421.0,29.26,116.64,562.07,0.871,0.0,MATCHED
38,255.0,72.0,37.01,66.22,3224.83,0.896,z_8,17,381.0,255.0,71.0,63.05,117.54,2732.2,0.841,1.0,MATCHED
40,116.0,363.0,27.68,19.93,238.72,0.873,z_14,7,718.0,116.0,362.0,20.04,114.37,260.42,0.898,1.0,MATCHED
45,388.0,417.0,12.22,19.71,206.16,0.836,z_15,1,349.0,386.0,417.0,31.73,109.69,690.1,0.919,2.0,MATCHED
46,443.0,154.0,11.75,22.44,297.31,0.821,z_15,1,265.0,444.0,154.0,26.68,116.25,440.54,0.85,1.0,MATCHED
49,441.0,43.0,11.56,25.5,410.16,0.88,z_15,1,19.0,441.0,43.0,33.59,113.76,677.08,0.829,0.0,MATCHED
50,431.0,144.0,11.54,31.22,588.11,0.803,z_15,1,36.0,430.0,144.0,40.13,110.78,1093.75,0.871,1.0,MATCHED
51,484.0,239.0,11.17,39.75,946.18,0.854,z_15,2,82.0,484.0,240.0,53.24,107.93,1981.34,0.832,1.0,MATCHED
53,498.0,177.0,11.09,29.23,460.07,0.794,z_15,1,20.0,498.0,176.0,31.78,112.75,670.57,0.902,1.0,MATCHED
55,283.0,440.0,11.05,25.97,375.43,0.821,z_15,1,593.0,283.0,440.0,38.68,108.33,1043.84,0.872,0.0,MATCHED
56,448.0,123.0,11.02,41.46,967.88,0.849,z_15,2,4.0,449.0,123.0,46.68,111.44,1521.27,0.865,1.0,MATCHED
57,448.0,211.0,11.01,36.44,705.3,0.721,z_15,1,43.0,448.0,211.0,37.31,110.78,952.69,0.853,0.0,MATCHED
58,402.0,125.0,10.99,23.75,301.65,0.815,z_15,1,45.0,402.0,125.0,27.31,116.13,483.94,0.859,0.0,MATCHED
59,392.0,20.0,10.83,25.17,345.05,0.845,z_15,1,62.0,392.0,20.0,30.88,112.44,646.7,0.861,0.0,MATCHED
61,444.0,168.0,10.77,23.92,286.46,0.803,z_15,1,307.0,444.0,167.0,24.57,116.33,399.31,0.846,1.0,MATCHED
63,353.0,136.0,10.73,25.45,360.24,0.798,z_15,1,3.0,354.0,135.0,33.93,113.81,735.68,0.851,1.4142135623730951,MATCHED
66,408.0,113.0,10.7,25.53,384.11,0.824,z_15,1,68.0,410.0,113.0,28.56,116.46,518.66,0.905,2.0,MATCHED
67,464.0,14.0,10.68,29.83,505.64,0.848,z_15,1,156.0,464.0,15.0,35.42,113.2,837.67,0.876,1.0,MATCHED
68,493.0,103.0,10.66,35.42,705.3,0.815,z_15,2,42.0,492.0,103.0,41.62,111.2,1180.56,0.827,1.0,MATCHED
70,379.0,320.0,10.61,31.32,594.62,0.821,z_15,1,347.0,378.0,321.0,46.78,110.35,1495.23,0.87,1.4142135623730951,MATCHED
71,376.0,158.0,10.59,31.85,614.15,0.839,z_15,2,15.0,377.0,158.0,36.38,110.8,900.61,0.866,1.0,MATCHED
72,397.0,165.0,10.52,33.73,696.61,0.862,z_15,1,67.0,397.0,165.0,43.58,110.43,1221.79,0.82,0.0,MATCHED
73,466.0,205.0,10.51,35.63,789.93,0.864,z_15,2,154.0,467.0,205.0,44.56,110.92,1369.36,0.896,1.0,MATCHED
76,409.0,96.0,10.5,32.61,546.88,0.813,z_15,1,298.0,409.0,96.0,37.12,112.68,868.06,0.827,0.0,MATCHED
77,408.0,25.0,10.48,34.67,672.74,0.853,z_15,1,26.0,409.0,24.0,39.86,111.35,1052.52,0.879,1.4142135623730951,MATCHED
82,411.0,139.0,10.4,36.06,813.8,0.882,z_15,1,79.0,411.0,139.0,40.86,110.78,1139.32,0.867,0.0,MATCHED
87,495.0,162.0,10.29,23.41,321.18,0.838,z_15,1,58.0,495.0,162.0,28.58,116.48,533.85,0.885,0.0,MATCHED
88,441.0,187.0,10.28,36.38,716.15,0.809,z_15,2,151.0,441.0,186.0,39.23,110.42,1067.71,0.851,1.0,MATCHED
89,455.0,177.0,10.26,25.17,332.03,0.797,z_15,1,24.0,455.0,177.0,30.01,113.88,607.64,0.839,0.0,MATCHED
90,353.0,104.0,10.22,32.39,625.0,0.804,z_15,1,296.0,353.0,104.0,44.64,110.35,1382.38,0.852,0.0,MATCHED
94,354.0,232.0,10.13,28.05,499.13,0.897,z_15,1,25.0,354.0,232.0,32.94,111.58,748.7,0.895,0.0,MATCHED
95,362.0,195.0,10.05,37.27,842.01,0.827,z_15,1,140.0,363.0,196.0,45.49,108.69,1501.74,0.889,1.4142135623730951,MATCHED
98,372.0,141.0,10.0,29.04,518.66,0.836,z_15,1,41.0,372.0,141.0,33.2,114.27,753.04,0.871,0.0,MATCHED
2,381.0,121.0,55.55,58.48,2478.3,0.884,z_9,17,,,,58.48,,,,,FALLBACK_FLUORESCENT
11,444.0,424.0,47.93,40.03,1130.64,0.884,z_11,13,,,,40.03,,,,,FALLBACK_FLUORESCENT
21,313.0,313.0,44.67,67.96,3396.27,0.898,z_7,17,,,,67.96,,,,,FALLBACK_FLUORESCENT
32,119.0,219.0,41.42,34.93,861.55,0.892,z_12,11,,,,34.93,,,,,FALLBACK_FLUORESCENT
39,235.0,207.0,31.87,89.58,5928.82,0.877,z_5,15,,,,89.58,,,,,FALLBACK_FLUORESCENT
41,351.0,424.0,15.26,22.61,308.16,0.864,z_14,3,,,,22.61,,,,,FALLBACK_FLUORESCENT
42,457.0,143.0,12.78,38.02,809.46,0.813,z_16,2,,,,38.02,,,,,FALLBACK_FLUORESCENT
43,476.0,221.0,12.72,29.02,371.09,0.762,z_16,2,,,,29.02,,,,,FALLBACK_FLUORESCENT
44,500.0,254.0,12.39,34.93,748.7,0.849,z_16,1,,,,34.93,,,,,FALLBACK_FLUORESCENT
47,360.0,357.0,11.73,26.68,414.5,0.851,z_16,4,,,,26.68,,,,,FALLBACK_FLUORESCENT
48,440.0,111.0,11.6,16.8,141.06,0.791,z_16,1,,,,16.8,,,,,FALLBACK_FLUORESCENT
52,425.0,123.0,11.1,39.39,983.07,0.821,z_15,2,,,,39.39,,,,,FALLBACK_FLUORESCENT
54,257.0,115.0,11.08,19.71,203.99,0.792,z_16,1,,,,19.71,,,,,FALLBACK_FLUORESCENT
60,468.0,262.0,10.82,45.91,1143.66,0.748,z_16,1,,,,45.91,,,,,FALLBACK_FLUORESCENT
62,429.0,172.0,10.76,32.4,709.64,0.89,z_16,1,,,,32.4,,,,,FALLBACK_FLUORESCENT
64,314.0,441.0,10.73,30.41,494.79,0.82,z_16,1,,,,30.41,,,,,FALLBACK_FLUORESCENT
65,459.0,80.0,10.71,35.23,720.49,0.788,z_16,1,,,,35.23,,,,,FALLBACK_FLUORESCENT
69,499.0,219.0,10.64,41.16,1104.6,0.85,z_16,1,,,,41.16,,,,,FALLBACK_FLUORESCENT
74,393.0,104.0,10.51,31.81,614.15,0.826,z_16,1,,,,31.81,,,,,FALLBACK_FLUORESCENT
75,432.0,229.0,10.51,32.19,679.25,0.823,z_16,1,,,,32.19,,,,,FALLBACK_FLUORESCENT
78,473.0,309.0,10.48,32.94,670.57,0.841,z_16,1,,,,32.94,,,,,FALLBACK_FLUORESCENT
79,429.0,99.0,10.47,39.55,935.33,0.781,z_16,1,,,,39.55,,,,,FALLBACK_FLUORESCENT
80,474.0,183.0,10.44,45.8,1273.87,0.846,z_15,1,,,,45.8,,,,,FALLBACK_FLUORESCENT
81,249.0,344.0,10.43,23.02,292.97,0.769,z_16,2,,,,23.02,,,,,FALLBACK_FLUORESCENT
83,361.0,153.0,10.4,32.54,601.13,0.809,z_16,2,,,,32.54,,,,,FALLBACK_FLUORESCENT
84,263.0,444.0,10.4,21.25,273.44,0.825,z_16,1,,,,21.25,,,,,FALLBACK_FLUORESCENT
85,347.0,301.0,10.32,26.72,421.01,0.838,z_16,1,,,,26.72,,,,,FALLBACK_FLUORESCENT
86,421.0,353.0,10.31,41.13,881.08,0.855,z_16,1,,,,41.13,,,,,FALLBACK_FLUORESCENT
91,436.0,201.0,10.17,25.86,388.45,0.834,z_16,1,,,,25.86,,,,,FALLBACK_FLUORESCENT
92,497.0,144.0,10.15,42.9,1204.43,0.906,z_16,1,,,,42.9,,,,,FALLBACK_FLUORESCENT
93,460.0,298.0,10.15,37.09,811.63,0.876,z_16,1,,,,37.09,,,,,FALLBACK_FLUORESCENT
96,500.0,86.0,10.04,38.25,865.89,0.858,z_16,1,,,,38.25,,,,,FALLBACK_FLUORESCENT
97,373.0,347.0,10.04,40.16,974.39,0.792,z_16,1,,,,40.16,,,,,FALLBACK_FLUORESCENT
