Rank,Center_X,Center_Y,Max_Intensity,Source_Z_Level,Diameter,Area,Circularity,Droplets_At_Location,Z_Levels_At_Location,All_Intensities
1,447.0,279.0,56.35,z_8,58.45,2476.13,0.888,17,"z_0,z_1,z_10,z_11,z_12,z_13,z_14,z_15,z_16,z_2,z_3,z_4,z_5,z_6,z_7,z_8,z_9","15.63,21.38,55.26,52.50,48.82,44.34,38.23,32.88,28.84,27.60,36.11,42.21,47.43,52.87,54.41,56.35,55.91"
2,381.0,121.0,55.55,z_9,58.48,2478.3,0.884,17,"z_0,z_1,z_10,z_11,z_12,z_13,z_14,z_15,z_16,z_2,z_3,z_4,z_5,z_6,z_7,z_8,z_9","13.88,18.37,54.84,52.01,49.54,44.74,39.40,34.64,28.83,24.87,32.42,40.05,44.74,50.29,53.43,55.44,55.55"
3,467.0,60.0,52.55,z_9,50.49,1805.56,0.887,16,"z_1,z_10,z_11,z_12,z_13,z_14,z_15,z_16,z_2,z_3,z_4,z_5,z_6,z_7,z_8,z_9","11.43,52.00,51.21,48.10,43.99,40.08,34.95,29.31,14.69,18.62,25.63,34.76,41.18,47.64,49.98,52.55"
4,171.0,328.0,51.49,z_9,57.95,2460.94,0.894,17,"z_0,z_1,z_10,z_11,z_12,z_13,z_14,z_15,z_16,z_2,z_3,z_4,z_5,z_6,z_7,z_8,z_9","12.26,14.99,51.15,48.58,46.22,42.58,37.37,32.81,27.40,20.01,27.55,35.57,41.27,44.33,48.86,50.71,51.49"
5,102.0,351.0,51.39,z_9,56.5,2335.07,0.905,16,"z_0,z_1,z_10,z_11,z_13,z_14,z_15,z_16,z_2,z_3,z_4,z_5,z_6,z_7,z_8,z_9","10.93,13.42,50.87,49.12,42.33,37.66,33.38,27.73,18.91,25.01,30.83,36.98,42.91,46.40,49.14,51.39"
6,310.0,368.0,50.75,z_9,51.28,1901.04,0.887,16,"z_1,z_10,z_11,z_12,z_13,z_14,z_15,z_16,z_2,z_3,z_4,z_5,z_6,z_7,z_8,z_9","11.43,50.33,48.65,46.20,42.71,37.75,33.32,28.22,14.28,20.39,26.74,33.38,37.72,43.55,47.48,50.75"
7,308.0,108.0,50.35,z_10,47.85,1668.84,0.898,15,"z_10,z_11,z_12,z_13,z_14,z_15,z_16,z_2,z_3,z_4,z_5,z_6,z_7,z_8,z_9","50.35,49.27,46.87,44.09,38.49,33.96,28.86,11.01,14.19,20.81,27.49,33.85,39.10,44.57,48.52"
8,297.0,39.0,49.63,z_12,43.67,1367.19,0.879,14,"z_10,z_11,z_12,z_13,z_14,z_15,z_16,z_3,z_4,z_5,z_6,z_7,z_8,z_9","48.21,49.49,49.63,45.96,42.09,35.75,30.88,10.77,15.20,19.24,27.07,34.04,40.35,46.16"
9,375.0,177.0,49.4,z_11,46.2,1493.06,0.884,15,"z_10,z_11,z_12,z_13,z_14,z_15,z_16,z_2,z_3,z_4,z_5,z_6,z_7,z_8,z_9","48.30,49.40,47.14,44.01,38.85,33.51,27.57,10.06,12.77,16.93,24.72,31.01,37.37,42.83,47.26"
10,403.0,262.0,48.17,z_11,44.74,1434.46,0.906,15,"z_10,z_11,z_12,z_13,z_14,z_15,z_16,z_2,z_3,z_4,z_5,z_6,z_7,z_8,z_9","47.45,48.17,45.35,42.16,37.00,31.53,25.58,10.16,13.23,17.03,21.85,30.22,35.45,42.10,45.23"
11,444.0,424.0,47.93,z_11,40.03,1130.64,0.884,13,"z_10,z_11,z_12,z_13,z_14,z_15,z_16,z_4,z_5,z_6,z_7,z_8,z_9","44.92,47.93,46.85,42.25,37.64,31.81,27.87,12.54,16.61,22.93,30.19,36.46,43.34"
12,436.0,299.0,47.1,z_11,39.89,1115.45,0.889,13,"z_10,z_11,z_12,z_13,z_14,z_15,z_16,z_4,z_5,z_6,z_7,z_8,z_9","46.53,47.10,46.10,43.29,39.74,32.25,28.36,11.39,15.75,22.44,30.69,36.41,43.82"
13,173.0,225.0,47.09,z_11,46.9,1579.86,0.905,14,"z_10,z_11,z_12,z_13,z_14,z_15,z_16,z_3,z_4,z_5,z_6,z_7,z_8,z_9","46.80,47.09,45.60,42.86,38.18,32.83,27.77,12.79,17.13,22.48,28.88,35.23,40.14,45.38"
14,391.0,440.0,47.04,z_10,43.96,1369.36,0.896,14,"z_10,z_11,z_12,z_13,z_14,z_15,z_16,z_3,z_4,z_5,z_6,z_7,z_8,z_9","47.04,46.51,45.23,41.21,37.43,31.99,27.54,11.19,15.00,20.14,29.38,36.58,41.81,44.20"
15,189.0,61.0,46.72,z_11,43.66,1330.3,0.87,14,"z_10,z_11,z_12,z_13,z_14,z_15,z_16,z_3,z_4,z_5,z_6,z_7,z_8,z_9","43.43,46.72,44.92,42.54,38.96,33.81,29.33,10.36,12.18,16.45,22.55,29.87,35.59,40.02"
16,249.0,432.0,46.47,z_11,41.1,1187.07,0.903,13,"z_10,z_11,z_12,z_13,z_14,z_15,z_16,z_4,z_5,z_6,z_7,z_8,z_9","44.48,46.47,45.14,43.63,38.25,32.28,28.21,11.20,16.65,21.19,28.19,34.62,39.96"
17,108.0,495.0,46.05,z_11,44.54,820.31,0.732,6,"z_10,z_11,z_12,z_7,z_8,z_9","45.02,46.05,45.71,25.29,30.84,36.98"
18,103.0,24.0,45.53,z_12,41.01,1171.88,0.898,12,"z_10,z_11,z_12,z_13,z_14,z_15,z_16,z_5,z_6,z_7,z_8,z_9","41.58,44.73,45.53,43.80,40.87,35.79,30.77,13.22,17.01,22.95,30.81,37.27"
19,412.0,177.0,45.27,z_12,37.57,978.73,0.876,13,"z_10,z_11,z_12,z_13,z_14,z_15,z_16,z_4,z_5,z_6,z_7,z_8,z_9","43.57,44.81,45.27,43.83,39.42,34.91,28.90,10.04,12.79,17.00,25.02,32.11,38.49"
20,131.0,279.0,45.06,z_12,42.41,1263.02,0.885,13,"z_10,z_11,z_12,z_13,z_14,z_15,z_16,z_4,z_5,z_6,z_7,z_8,z_9","43.81,44.54,45.06,41.93,39.31,33.40,27.85,11.68,15.41,20.47,28.23,32.38,39.36"
21,313.0,313.0,44.67,z_7,67.96,3396.27,0.898,17,"z_0,z_1,z_10,z_11,z_12,z_13,z_14,z_15,z_16,z_2,z_3,z_4,z_5,z_6,z_7,z_8,z_9","20.83,26.85,42.20,39.87,41.07,33.60,30.31,29.73,23.33,31.54,35.72,39.26,42.02,43.54,44.67,44.47,44.14"
22,181.0,20.0,44.23,z_11,45.84,1506.08,0.891,14,"z_10,z_11,z_12,z_13,z_14,z_15,z_16,z_3,z_4,z_5,z_6,z_7,z_8,z_9","41.06,44.23,40.58,40.24,34.99,30.43,26.83,10.82,14.96,19.61,25.71,30.95,35.83,38.98"
23,59.0,451.0,44.22,z_12,39.77,1119.79,0.892,12,"z_10,z_11,z_12,z_13,z_14,z_15,z_16,z_5,z_6,z_7,z_8,z_9","39.61,41.45,44.22,41.72,37.68,33.33,27.47,11.66,16.04,21.47,27.61,33.37"
24,226.0,413.0,44.11,z_11,39.53,1111.11,0.885,13,"z_10,z_11,z_12,z_13,z_14,z_15,z_16,z_4,z_5,z_6,z_7,z_8,z_9","41.46,44.11,43.37,41.34,37.78,32.47,27.77,10.51,14.39,18.82,24.71,31.09,37.43"
25,279.0,243.0,43.3,z_11,40.07,1119.79,0.892,13,"z_10,z_11,z_12,z_13,z_14,z_15,z_16,z_4,z_5,z_6,z_7,z_8,z_9","40.19,43.30,41.66,39.99,37.21,32.43,28.69,10.60,13.87,19.21,24.24,30.73,36.96"
26,40.0,232.0,43.09,z_12,39.46,1132.81,0.902,12,"z_10,z_11,z_12,z_13,z_14,z_15,z_16,z_5,z_6,z_7,z_8,z_9","38.39,42.29,43.09,41.29,38.88,34.41,28.13,12.70,15.49,20.83,27.86,33.72"
27,260.0,330.0,42.69,z_11,38.43,1035.16,0.927,13,"z_10,z_11,z_12,z_13,z_14,z_15,z_16,z_4,z_5,z_6,z_7,z_8,z_9","40.47,42.69,42.58,40.70,37.52,32.10,27.81,10.00,13.64,18.26,24.08,28.88,36.36"
28,468.0,29.0,42.38,z_13,28.25,533.85,0.921,10,"z_10,z_11,z_12,z_13,z_14,z_15,z_16,z_7,z_8,z_9","30.24,37.21,41.19,42.38,41.37,36.75,31.55,11.65,15.02,21.55"
29,352.0,437.0,42.33,z_12,33.85,789.93,0.892,12,"z_10,z_11,z_12,z_13,z_14,z_15,z_16,z_5,z_6,z_7,z_8,z_9","38.13,41.01,42.33,41.61,37.45,31.72,28.30,10.75,14.66,19.80,24.35,31.66"
30,256.0,227.0,41.89,z_12,39.4,1026.48,0.868,12,"z_10,z_11,z_12,z_13,z_14,z_15,z_16,z_5,z_6,z_7,z_8,z_9","39.26,41.80,41.89,39.64,35.83,31.17,25.17,14.09,18.44,23.98,31.13,36.02"
31,13.0,125.0,41.43,z_12,37.1,944.01,0.87,11,"z_10,z_11,z_12,z_13,z_14,z_15,z_16,z_6,z_7,z_8,z_9","34.99,40.35,41.43,41.37,40.76,36.07,31.93,12.34,15.49,21.50,27.62"
32,119.0,219.0,41.42,z_12,34.93,861.55,0.892,11,"z_10,z_11,z_12,z_13,z_14,z_15,z_16,z_6,z_7,z_8,z_9","34.83,39.08,41.42,40.68,38.22,33.06,27.68,10.78,15.09,21.14,28.75"
33,56.0,44.0,41.25,z_13,34.02,800.78,0.926,10,"z_10,z_11,z_12,z_13,z_14,z_15,z_16,z_7,z_8,z_9","29.48,36.55,40.51,41.25,40.41,37.20,32.37,12.89,17.47,24.47"
34,121.0,481.0,40.57,z_12,33.95,779.08,0.889,11,"z_10,z_11,z_12,z_13,z_14,z_15,z_16,z_6,z_7,z_8,z_9","30.39,35.83,40.57,38.64,37.77,32.74,27.94,10.42,14.48,19.50,25.96"
35,494.0,196.0,40.46,z_13,24.78,414.5,0.907,9,"z_10,z_11,z_12,z_13,z_14,z_15,z_16,z_8,z_9","25.51,33.18,37.81,40.46,36.38,33.67,30.18,12.12,16.98"
36,67.0,75.0,40.36,z_13,33.95,783.42,0.865,10,"z_10,z_11,z_12,z_13,z_14,z_15,z_16,z_7,z_8,z_9","29.08,35.19,40.14,40.36,38.95,35.50,30.75,13.14,17.39,24.48"
37,210.0,421.0,37.73,z_12,29.61,596.79,0.877,10,"z_10,z_11,z_12,z_13,z_14,z_15,z_16,z_7,z_8,z_9","27.02,33.66,37.73,37.61,36.82,31.61,27.13,11.17,15.23,21.55"
38,255.0,72.0,37.01,z_8,66.22,3224.83,0.896,17,"z_0,z_1,z_10,z_11,z_12,z_13,z_14,z_15,z_16,z_2,z_3,z_4,z_5,z_6,z_7,z_8,z_9","15.55,21.02,35.84,34.36,31.90,29.79,26.67,24.53,20.78,25.28,29.26,31.75,35.45,36.15,36.86,37.01,36.66"
39,235.0,207.0,31.87,z_5,89.58,5928.82,0.877,15,"z_0,z_1,z_10,z_11,z_13,z_14,z_15,z_16,z_2,z_3,z_4,z_5,z_6,z_7,z_8","28.90,29.95,27.62,26.70,24.02,21.34,19.67,17.19,31.08,31.53,31.86,31.87,31.57,30.88,30.40"
40,116.0,363.0,27.68,z_14,19.93,238.72,0.873,7,"z_10,z_11,z_12,z_13,z_14,z_15,z_16","10.31,15.49,19.10,24.40,27.68,27.32,23.79"
41,351.0,424.0,15.26,z_14,22.61,308.16,0.864,3,"z_12,z_13,z_14","11.93,13.90,15.26"
42,457.0,143.0,12.78,z_16,38.02,809.46,0.813,2,"z_15,z_16","10.29,12.78"
43,476.0,221.0,12.72,z_16,29.02,371.09,0.762,2,"z_15,z_16","10.28,12.72"
44,500.0,254.0,12.39,z_16,34.93,748.7,0.849,1,z_16,12.39
45,388.0,417.0,12.22,z_15,19.71,206.16,0.836,1,z_15,12.22
46,443.0,154.0,11.75,z_15,22.44,297.31,0.821,1,z_15,11.75
47,360.0,357.0,11.73,z_16,26.68,414.5,0.851,4,"z_13,z_14,z_15,z_16","10.16,10.68,10.91,11.73"
48,440.0,111.0,11.6,z_16,16.8,141.06,0.791,1,z_16,11.60
49,441.0,43.0,11.56,z_15,25.5,410.16,0.88,1,z_15,11.56
50,431.0,144.0,11.54,z_15,31.22,588.11,0.803,1,z_15,11.54
51,484.0,239.0,11.17,z_15,39.75,946.18,0.854,2,"z_15,z_16","11.17,10.77"
52,425.0,123.0,11.1,z_15,39.39,983.07,0.821,2,"z_15,z_16","11.10,10.97"
53,498.0,177.0,11.09,z_15,29.23,460.07,0.794,1,z_15,11.09
54,257.0,115.0,11.08,z_16,19.71,203.99,0.792,1,z_16,11.08
55,283.0,440.0,11.05,z_15,25.97,375.43,0.821,1,z_15,11.05
56,448.0,123.0,11.02,z_15,41.46,967.88,0.849,2,"z_15,z_16","11.02,10.74"
57,448.0,211.0,11.01,z_15,36.44,705.3,0.721,1,z_15,11.01
58,402.0,125.0,10.99,z_15,23.75,301.65,0.815,1,z_15,10.99
59,392.0,20.0,10.83,z_15,25.17,345.05,0.845,1,z_15,10.83
60,468.0,262.0,10.82,z_16,45.91,1143.66,0.748,1,z_16,10.82
61,444.0,168.0,10.77,z_15,23.92,286.46,0.803,1,z_15,10.77
62,429.0,172.0,10.76,z_16,32.4,709.64,0.89,1,z_16,10.76
63,353.0,136.0,10.73,z_15,25.45,360.24,0.798,1,z_15,10.73
64,314.0,441.0,10.73,z_16,30.41,494.79,0.82,1,z_16,10.73
65,459.0,80.0,10.71,z_16,35.23,720.49,0.788,1,z_16,10.71
66,408.0,113.0,10.7,z_15,25.53,384.11,0.824,1,z_15,10.70
67,464.0,14.0,10.68,z_15,29.83,505.64,0.848,1,z_15,10.68
68,493.0,103.0,10.66,z_15,35.42,705.3,0.815,2,"z_15,z_16","10.66,10.05"
69,499.0,219.0,10.64,z_16,41.16,1104.6,0.85,1,z_16,10.64
70,379.0,320.0,10.61,z_15,31.32,594.62,0.821,1,z_15,10.61
71,376.0,158.0,10.59,z_15,31.85,614.15,0.839,2,"z_15,z_16","10.59,10.13"
72,397.0,165.0,10.52,z_15,33.73,696.61,0.862,1,z_15,10.52
73,466.0,205.0,10.51,z_15,35.63,789.93,0.864,2,"z_15,z_16","10.51,10.38"
74,393.0,104.0,10.51,z_16,31.81,614.15,0.826,1,z_16,10.51
75,432.0,229.0,10.51,z_16,32.19,679.25,0.823,1,z_16,10.51
76,409.0,96.0,10.5,z_15,32.61,546.88,0.813,1,z_15,10.50
77,408.0,25.0,10.48,z_15,34.67,672.74,0.853,1,z_15,10.48
78,473.0,309.0,10.48,z_16,32.94,670.57,0.841,1,z_16,10.48
79,429.0,99.0,10.47,z_16,39.55,935.33,0.781,1,z_16,10.47
80,474.0,183.0,10.44,z_15,45.8,1273.87,0.846,1,z_15,10.44
81,249.0,344.0,10.43,z_16,23.02,292.97,0.769,2,"z_15,z_16","10.10,10.43"
82,411.0,139.0,10.4,z_15,36.06,813.8,0.882,1,z_15,10.40
83,361.0,153.0,10.4,z_16,32.54,601.13,0.809,2,"z_15,z_16","10.22,10.40"
84,263.0,444.0,10.4,z_16,21.25,273.44,0.825,1,z_16,10.40
85,347.0,301.0,10.32,z_16,26.72,421.01,0.838,1,z_16,10.32
86,421.0,353.0,10.31,z_16,41.13,881.08,0.855,1,z_16,10.31
87,495.0,162.0,10.29,z_15,23.41,321.18,0.838,1,z_15,10.29
88,441.0,187.0,10.28,z_15,36.38,716.15,0.809,2,"z_15,z_16","10.28,10.20"
89,455.0,177.0,10.26,z_15,25.17,332.03,0.797,1,z_15,10.26
90,353.0,104.0,10.22,z_15,32.39,625.0,0.804,1,z_15,10.22
91,436.0,201.0,10.17,z_16,25.86,388.45,0.834,1,z_16,10.17
92,497.0,144.0,10.15,z_16,42.9,1204.43,0.906,1,z_16,10.15
93,460.0,298.0,10.15,z_16,37.09,811.63,0.876,1,z_16,10.15
94,354.0,232.0,10.13,z_15,28.05,499.13,0.897,1,z_15,10.13
95,362.0,195.0,10.05,z_15,37.27,842.01,0.827,1,z_15,10.05
96,500.0,86.0,10.04,z_16,38.25,865.89,0.858,1,z_16,10.04
97,373.0,347.0,10.04,z_16,40.16,974.39,0.792,1,z_16,10.04
98,372.0,141.0,10.0,z_15,29.04,518.66,0.836,1,z_15,10.00
